/* GENERATED by truing_model_prep export-c-fixtures: compact influence artifact 'fixture_sym32'. SYNTHETIC fixture wheel (bike-wheel-calc), not a measured wheel. Do not edit. */
#include <stddef.h>
#include <stdint.h>

const size_t fixture_sym32_artifact_blob_len = 30085u;
const uint8_t fixture_sym32_artifact_blob[30085] = {
    0x54, 0x52, 0x49, 0x41, 0x01, 0x00, 0x00, 0x00, 0x01, 0x00, 0x00, 0x00, 0x66, 0x69, 0x78, 0x74,
    0x75, 0x72, 0x65, 0x5f, 0x73, 0x79, 0x6d, 0x33, 0x32, 0x00, 0x00, 0x00, 0x00, 0x00, 0x00, 0x00,
    0x00, 0x00, 0x00, 0x00, 0x00, 0x00, 0x00, 0x00, 0x00, 0x00, 0x00, 0x00, 0x25, 0xb6, 0x89, 0x17,
    0xad, 0x02, 0xf8, 0xb4, 0xb5, 0xef, 0xac, 0x21, 0xf9, 0x61, 0x19, 0xcd, 0x1a, 0x09, 0xee, 0x49,
    0xbe, 0xb2, 0xeb, 0x95, 0x76, 0x28, 0xf8, 0x84, 0x7b, 0xab, 0x36, 0x0e, 0xdd, 0x7c, 0xa1, 0x73,
    0xeb, 0x91, 0xe7, 0x46, 0xb1, 0xce, 0x15, 0x1e, 0x08, 0xdb, 0x0d, 0xc4, 0xb9, 0x5e, 0xce, 0xb4,
    0xdf, 0xec, 0x99, 0xc8, 0x20, 0x43, 0xc8, 0x1f, 0x4e, 0x21, 0x51, 0xd8, 0x20, 0x20, 0x06, 0x0d,
    0x00, 0x00, 0x02, 0x01, 0x0d, 0x75, 0x00, 0x00, 0xcd, 0xcc, 0xcc, 0x3d, 0xcd, 0xcc, 0x4c, 0x3d,
    0x00, 0x00, 0xc8, 0x42, 0x00, 0x00, 0x00, 0x3f, 0xac, 0xc5, 0x27, 0x37, 0x00, 0x80, 0xec, 0x43,
    0x00, 0x80, 0xec, 0x43, 0xd4, 0xb8, 0x01, 0x40, 0xbd, 0x37, 0x86, 0x35, 0x25, 0x31, 0x76, 0x3b,
    0x6f, 0x12, 0x83, 0x3a, 0x00, 0x00, 0x00, 0x00, 0xcd, 0xcc, 0xcc, 0x3d, 0x00, 0x00, 0x00, 0x80,
    0x3f, 0x00, 0x00, 0x80, 0x3f, 0x00, 0x00, 0x80, 0x3f, 0x00, 0x00, 0x80, 0x3f, 0x00, 0x00, 0x80,
    0x3f, 0x00, 0x00, 0x80, 0x3f, 0x00, 0x00, 0x80, 0x3f, 0x00, 0x00, 0x80, 0x3f, 0x00, 0x00, 0x80,
    0x3f, 0x00, 0x00, 0x80, 0x3f, 0x00, 0x00, 0x80, 0x3f, 0x00, 0x00, 0x80, 0x3f, 0x00, 0x00, 0x80,
    0x3f, 0x00, 0x00, 0x80, 0x3f, 0x00, 0x00, 0x80, 0x3f, 0x00, 0x00, 0x80, 0x3f, 0x00, 0x00, 0x80,
    0x3f, 0x00, 0x00, 0x80, 0x3f, 0x00, 0x00, 0x80, 0x3f, 0x00, 0x00, 0x80, 0x3f, 0x00, 0x00, 0x80,
    0x3f, 0x00, 0x00, 0x80, 0x3f, 0x00, 0x00, 0x80, 0x3f, 0x00, 0x00, 0x80, 0x3f, 0x00, 0x00, 0x80,
    0x3f, 0x00, 0x00, 0x80, 0x3f, 0x00, 0x00, 0x80, 0x3f, 0x00, 0x00, 0x80, 0x3f, 0x00, 0x00, 0x80,
    0x3f, 0x00, 0x00, 0x80, 0x3f, 0x00, 0x00, 0x80, 0x3f, 0x00, 0x00, 0x80, 0x3f, 0x1b, 0x19, 0xde,
    0x3d, 0xc7, 0x8d, 0x7b, 0x3e, 0x30, 0xf4, 0x9e, 0x39, 0xa5, 0xa5, 0xa4, 0x3e, 0x6d, 0x0b, 0x7b,
    0x3a, 0x2d, 0xda, 0x0e, 0x3e, 0x7d, 0x99, 0x32, 0x3a, 0x78, 0xb4, 0x09, 0x3d, 0xba, 0xc8, 0x7d,
    0x39, 0xa3, 0x35, 0x2e, 0x3c, 0xe9, 0xae, 0xed, 0x38, 0xd1, 0x15, 0x89, 0x3b, 0xf4, 0x67, 0x97,
    0x38, 0xf4, 0x75, 0xdd, 0xbd, 0x84, 0xa5, 0x74, 0xbe, 0xfc, 0x7b, 0x44, 0xbd, 0xd4, 0x66, 0x96,
    0xbe, 0xa0, 0x8e, 0xfb, 0xbd, 0x10, 0xaf, 0xe9, 0xbd, 0xfe, 0xea, 0x9d, 0xbd, 0x0d, 0xfb, 0xbd,
    0xbc, 0x40, 0xe1, 0xc0, 0xbc, 0x80, 0x05, 0xba, 0xbb, 0x81, 0x96, 0x0e, 0xbc, 0x53, 0x4b, 0xc2,
    0xba, 0xe4, 0xbb, 0x76, 0xbb, 0xf4, 0x75, 0xdd, 0x3d, 0xd5, 0xb4, 0x66, 0x3e, 0xbc, 0x26, 0xbe,
    0x3d, 0x13, 0x51, 0x67, 0x3e, 0xcf, 0xc5, 0x65, 0x3e, 0x99, 0x96, 0x5a, 0x3d, 0x3f, 0x00, 0x02,
    0x3e, 0x15, 0x34, 0x83, 0x39, 0x95, 0x5c, 0x07, 0x3d, 0xcb, 0x9f, 0x7d, 0xbb, 0x5e, 0xfe, 0x1d,
    0x3c, 0x59, 0x2c, 0x38, 0xbb, 0x9f, 0xc6, 0x3e, 0x3b, 0x1b, 0x19, 0xde, 0xbd, 0xf4, 0x54, 0x51,
    0xbe, 0x68, 0x7f, 0x0b, 0xbe, 0xc0, 0xd7, 0xfd, 0xbd, 0x28, 0xed, 0x97, 0xbe, 0x8f, 0x7a, 0xd9,
    0x3c, 0x55, 0x3e, 0x0c, 0xbe, 0x9d, 0x57, 0xc1, 0x3c, 0x6c, 0x25, 0xc4, 0xbc, 0xf8, 0x7f, 0x2a,
    0x3c, 0x33, 0x3b, 0x0f, 0xbb, 0x72, 0x1c, 0x7f, 0x3b, 0x32, 0x19, 0xc9, 0x3a, 0x1b, 0x19, 0xde,
    0x3d, 0xe8, 0xa7, 0x31, 0x3e, 0x4e, 0x18, 0x32, 0x3e, 0x6d, 0x0b, 0x7b, 0xba, 0xa5, 0xa5, 0xa4,
    0x3e, 0x9e, 0x02, 0xcb, 0xbd, 0x76, 0x09, 0xc9, 0x3d, 0x78, 0xb4, 0x09, 0xbd, 0xba, 0xc8, 0x7d,
    0xb9, 0x50, 0xbe, 0xf3, 0xbb, 0xda, 0xfe, 0xf8, 0xbb, 0xf4, 0x67, 0x97, 0x38, 0xd1, 0x15, 0x89,
    0xbb, 0xf4, 0x75, 0xdd, 0xbd, 0xe4, 0x41, 0x0a, 0xbe, 0x9f, 0xb9, 0x4f, 0xbe, 0xa0, 0x8e, 0xfb,
    0x3d, 0xd4, 0x66, 0x96, 0xbe, 0xbf, 0x73, 0x0a, 0x3e, 0x5f, 0x4c, 0xd6, 0xbc, 0x0d, 0xfb, 0xbd,
    0x3c, 0x40, 0xe1, 0xc0, 0x3c, 0xb3, 0x39, 0x0c, 0xbb, 0xe9, 0x97, 0x26, 0x3c, 0xe4, 0xbb, 0x76,
    0xbb, 0x53, 0x4b, 0xc2, 0x3a, 0xf4, 0x75, 0xdd, 0x3d, 0x91, 0xcf, 0xbf, 0x3d, 0xd9, 0x5c, 0x66,
    0x3e, 0xcf, 0xc5, 0x65, 0xbe, 0x13, 0x51, 0x67, 0x3e, 0xdd, 0x90, 0x02, 0xbe, 0x0d, 0x22, 0x55,
    0xbd, 0x15, 0x34, 0x83, 0xb9, 0x95, 0x5c, 0x07, 0xbd, 0x9f, 0x8d, 0x1c, 0x3c, 0x5b, 0xc4, 0x85,
    0xbb, 0x9f, 0xc6, 0x3e, 0x3b, 0x59, 0x2c, 0x38, 0x3b, 0x1b, 0x19, 0xde, 0xbd, 0x55, 0x85, 0x45,
    0xbd, 0xe4, 0xa8, 0x76, 0xbe, 0x28, 0xed, 0x97, 0x3e, 0xc0, 0xd7, 0xfd, 0xbd, 0x9a, 0xe3, 0x9f,
    0x3d, 0x88, 0xc7, 0xec, 0x3d, 0x9d, 0x57, 0xc1, 0xbc, 0x6c, 0x25, 0xc4, 0x3c, 0xae, 0xe1, 0x11,
    0xbc, 0xbc, 0x7b, 0xbe, 0xbb, 0x32, 0x19, 0xc9, 0x3a, 0x72, 0x1c, 0x7f, 0xbb, 0x1b, 0x19, 0xde,
    0x3d, 0x30, 0xf4, 0x9e, 0xb9, 0xc7, 0x8d, 0x7b, 0x3e, 0xa5, 0xa5, 0xa4, 0xbe, 0x6d, 0x0b, 0x7b,
    0xba, 0x7d, 0x99, 0x32, 0x3a, 0x2d, 0xda, 0x0e, 0xbe, 0x78, 0xb4, 0x09, 0x3d, 0xba, 0xc8, 0x7d,
    0x39, 0xe9, 0xae, 0xed, 0xb8, 0xa3, 0x35, 0x2e, 0x3c, 0xd1, 0x15, 0x89, 0xbb, 0xf4, 0x67, 0x97,
    0xb8, 0xf4, 0x75, 0xdd, 0xbd, 0xfc, 0x7b, 0x44, 0x3d, 0x84, 0xa5, 0x74, 0xbe, 0xd4, 0x66, 0x96,
    0x3e, 0xa0, 0x8e, 0xfb, 0x3d, 0xfe, 0xea, 0x9d, 0xbd, 0x10, 0xaf, 0xe9, 0x3d, 0x0d, 0xfb, 0xbd,
    0xbc, 0x40, 0xe1, 0xc0, 0xbc, 0x81, 0x96, 0x0e, 0x3c, 0x80, 0x05, 0xba, 0xbb, 0x53, 0x4b, 0xc2,
    0x3a, 0xe4, 0xbb, 0x76, 0x3b, 0xf4, 0x75, 0xdd, 0x3d, 0xbc, 0x26, 0xbe, 0xbd, 0xd5, 0xb4, 0x66,
    0x3e, 0x13, 0x51, 0x67, 0xbe, 0xcf, 0xc5, 0x65, 0xbe, 0x3f, 0x00, 0x02, 0x3e, 0x99, 0x96, 0x5a,
    0xbd, 0x15, 0x34, 0x83, 0x39, 0x95, 0x5c, 0x07, 0x3d, 0x5e, 0xfe, 0x1d, 0xbc, 0xcb, 0x9f, 0x7d,
    0xbb, 0x59, 0x2c, 0x38, 0x3b, 0x9f, 0xc6, 0x3e, 0xbb, 0x1b, 0x19, 0xde, 0xbd, 0x68, 0x7f, 0x0b,
    0x3e, 0xf4, 0x54, 0x51, 0xbe, 0xc0, 0xd7, 0xfd, 0x3d, 0x28, 0xed, 0x97, 0x3e, 0x55, 0x3e, 0x0c,
    0xbe, 0x8f, 0x7a, 0xd9, 0xbc, 0x9d, 0x57, 0xc1, 0x3c, 0x6c, 0x25, 0xc4, 0xbc, 0x33, 0x3b, 0x0f,
    0x3b, 0xf8, 0x7f, 0x2a, 0x3c, 0x72, 0x1c, 0x7f, 0xbb, 0x32, 0x19, 0xc9, 0xba, 0x1b, 0x19, 0xde,
    0x3d, 0x4e, 0x18, 0x32, 0xbe, 0xe8, 0xa7, 0x31, 0x3e, 0x6d, 0x0b, 0x7b, 0x3a, 0xa5, 0xa5, 0xa4,
    0xbe, 0x76, 0x09, 0xc9, 0x3d, 0x9e, 0x02, 0xcb, 0x3d, 0x78, 0xb4, 0x09, 0xbd, 0xba, 0xc8, 0x7d,
    0xb9, 0xda, 0xfe, 0xf8, 0x3b, 0x50, 0xbe, 0xf3, 0xbb, 0xf4, 0x67, 0x97, 0xb8, 0xd1, 0x15, 0x89,
    0x3b, 0xf4, 0x75, 0xdd, 0xbd, 0x9f, 0xb9, 0x4f, 0x3e, 0xe4, 0x41, 0x0a, 0xbe, 0xa0, 0x8e, 0xfb,
    0xbd, 0xd4, 0x66, 0x96, 0x3e, 0x5f, 0x4c, 0xd6, 0xbc, 0xbf, 0x73, 0x0a, 0xbe, 0x0d, 0xfb, 0xbd,
    0x3c, 0x40, 0xe1, 0xc0, 0x3c, 0xe9, 0x97, 0x26, 0xbc, 0xb3, 0x39, 0x0c, 0xbb, 0xe4, 0xbb, 0x76,
    0x3b, 0x53, 0x4b, 0xc2, 0xba, 0xf4, 0x75, 0xdd, 0x3d, 0xd9, 0x5c, 0x66, 0xbe, 0x91, 0xcf, 0xbf,
    0x3d, 0xcf, 0xc5, 0x65, 0x3e, 0x13, 0x51, 0x67, 0xbe, 0x0d, 0x22, 0x55, 0xbd, 0xdd, 0x90, 0x02,
    0x3e, 0x15, 0x34, 0x83, 0xb9, 0x95, 0x5c, 0x07, 0xbd, 0x5b, 0xc4, 0x85, 0x3b, 0x9f, 0x8d, 0x1c,
    0x3c, 0x9f, 0xc6, 0x3e, 0xbb, 0x59, 0x2c, 0x38, 0xbb, 0x1b, 0x19, 0xde, 0xbd, 0xe4, 0xa8, 0x76,
    0x3e, 0x55, 0x85, 0x45, 0xbd, 0x28, 0xed, 0x97, 0xbe, 0xc0, 0xd7, 0xfd, 0x3d, 0x88, 0xc7, 0xec,
    0x3d, 0x9a, 0xe3, 0x9f, 0xbd, 0x9d, 0x57, 0xc1, 0xbc, 0x6c, 0x25, 0xc4, 0x3c, 0xbc, 0x7b, 0xbe,
    0x3b, 0xae, 0xe1, 0x11, 0xbc, 0x32, 0x19, 0xc9, 0xba, 0x72, 0x1c, 0x7f, 0x3b, 0x1b, 0x19, 0xde,
    0x3d, 0xc7, 0x8d, 0x7b, 0xbe, 0x30, 0xf4, 0x9e, 0xb9, 0xa5, 0xa5, 0xa4, 0x3e, 0x6d, 0x0b, 0x7b,
    0x3a, 0x2d, 0xda, 0x0e, 0xbe, 0x7d, 0x99, 0x32, 0xba, 0x78, 0xb4, 0x09, 0x3d, 0xba, 0xc8, 0x7d,
    0x39, 0xa3, 0x35, 0x2e, 0xbc, 0xe9, 0xae, 0xed, 0xb8, 0xd1, 0x15, 0x89, 0x3b, 0xf4, 0x67, 0x97,
    0x38, 0xf4, 0x75, 0xdd, 0xbd, 0x84, 0xa5, 0x74, 0x3e, 0xfc, 0x7b, 0x44, 0x3d, 0xd4, 0x66, 0x96,
    0xbe, 0xa0, 0x8e, 0xfb, 0xbd, 0x10, 0xaf, 0xe9, 0x3d, 0xfe, 0xea, 0x9d, 0x3d, 0x0d, 0xfb, 0xbd,
    0xbc, 0x40, 0xe1, 0xc0, 0xbc, 0x80, 0x05, 0xba, 0x3b, 0x81, 0x96, 0x0e, 0x3c, 0x53, 0x4b, 0xc2,
    0xba, 0xe4, 0xbb, 0x76, 0xbb, 0xf4, 0x75, 0xdd, 0x3d, 0xd5, 0xb4, 0x66, 0xbe, 0xbc, 0x26, 0xbe,
    0xbd, 0x13, 0x51, 0x67, 0x3e, 0xcf, 0xc5, 0x65, 0x3e, 0x99, 0x96, 0x5a, 0xbd, 0x3f, 0x00, 0x02,
    0xbe, 0x15, 0x34, 0x83, 0x39, 0x95, 0x5c, 0x07, 0x3d, 0xcb, 0x9f, 0x7d, 0x3b, 0x5e, 0xfe, 0x1d,
    0xbc, 0x59, 0x2c, 0x38, 0xbb, 0x9f, 0xc6, 0x3e, 0x3b, 0x1b, 0x19, 0xde, 0xbd, 0xf4, 0x54, 0x51,
    0x3e, 0x68, 0x7f, 0x0b, 0x3e, 0xc0, 0xd7, 0xfd, 0xbd, 0x28, 0xed, 0x97, 0xbe, 0x8f, 0x7a, 0xd9,
    0xbc, 0x55, 0x3e, 0x0c, 0x3e, 0x9d, 0x57, 0xc1, 0x3c, 0x6c, 0x25, 0xc4, 0xbc, 0xf8, 0x7f, 0x2a,
    0xbc, 0x33, 0x3b, 0x0f, 0x3b, 0x72, 0x1c, 0x7f, 0x3b, 0x32, 0x19, 0xc9, 0x3a, 0x1b, 0x19, 0xde,
    0x3d, 0xe8, 0xa7, 0x31, 0xbe, 0x4e, 0x18, 0x32, 0xbe, 0x6d, 0x0b, 0x7b, 0xba, 0xa5, 0xa5, 0xa4,
    0x3e, 0x9e, 0x02, 0xcb, 0x3d, 0x76, 0x09, 0xc9, 0xbd, 0x78, 0xb4, 0x09, 0xbd, 0xba, 0xc8, 0x7d,
    0xb9, 0x50, 0xbe, 0xf3, 0x3b, 0xda, 0xfe, 0xf8, 0x3b, 0xf4, 0x67, 0x97, 0x38, 0xd1, 0x15, 0x89,
    0xbb, 0xf4, 0x75, 0xdd, 0xbd, 0xe4, 0x41, 0x0a, 0x3e, 0x9f, 0xb9, 0x4f, 0x3e, 0xa0, 0x8e, 0xfb,
    0x3d, 0xd4, 0x66, 0x96, 0xbe, 0xbf, 0x73, 0x0a, 0xbe, 0x5f, 0x4c, 0xd6, 0x3c, 0x0d, 0xfb, 0xbd,
    0x3c, 0x40, 0xe1, 0xc0, 0x3c, 0xb3, 0x39, 0x0c, 0x3b, 0xe9, 0x97, 0x26, 0xbc, 0xe4, 0xbb, 0x76,
    0xbb, 0x53, 0x4b, 0xc2, 0x3a, 0xf4, 0x75, 0xdd, 0x3d, 0x91, 0xcf, 0xbf, 0xbd, 0xd9, 0x5c, 0x66,
    0xbe, 0xcf, 0xc5, 0x65, 0xbe, 0x13, 0x51, 0x67, 0x3e, 0xdd, 0x90, 0x02, 0x3e, 0x0d, 0x22, 0x55,
    0x3d, 0x15, 0x34, 0x83, 0xb9, 0x95, 0x5c, 0x07, 0xbd, 0x9f, 0x8d, 0x1c, 0xbc, 0x5b, 0xc4, 0x85,
    0x3b, 0x9f, 0xc6, 0x3e, 0x3b, 0x59, 0x2c, 0x38, 0x3b, 0x1b, 0x19, 0xde, 0xbd, 0x55, 0x85, 0x45,
    0x3d, 0xe4, 0xa8, 0x76, 0x3e, 0x28, 0xed, 0x97, 0x3e, 0xc0, 0xd7, 0xfd, 0xbd, 0x9a, 0xe3, 0x9f,
    0xbd, 0x88, 0xc7, 0xec, 0xbd, 0x9d, 0x57, 0xc1, 0xbc, 0x6c, 0x25, 0xc4, 0x3c, 0xae, 0xe1, 0x11,
    0x3c, 0xbc, 0x7b, 0xbe, 0x3b, 0x32, 0x19, 0xc9, 0x3a, 0x72, 0x1c, 0x7f, 0xbb, 0x1b, 0x19, 0xde,
    0x3d, 0x30, 0xf4, 0x9e, 0x39, 0xc7, 0x8d, 0x7b, 0xbe, 0xa5, 0xa5, 0xa4, 0xbe, 0x6d, 0x0b, 0x7b,
    0xba, 0x7d, 0x99, 0x32, 0xba, 0x2d, 0xda, 0x0e, 0x3e, 0x78, 0xb4, 0x09, 0x3d, 0xba, 0xc8, 0x7d,
    0x39, 0xe9, 0xae, 0xed, 0x38, 0xa3, 0x35, 0x2e, 0xbc, 0xd1, 0x15, 0x89, 0xbb, 0xf4, 0x67, 0x97,
    0xb8, 0xf4, 0x75, 0xdd, 0xbd, 0xfc, 0x7b, 0x44, 0xbd, 0x84, 0xa5, 0x74, 0x3e, 0xd4, 0x66, 0x96,
    0x3e, 0xa0, 0x8e, 0xfb, 0x3d, 0xfe, 0xea, 0x9d, 0x3d, 0x10, 0xaf, 0xe9, 0xbd, 0x0d, 0xfb, 0xbd,
    0xbc, 0x40, 0xe1, 0xc0, 0xbc, 0x81, 0x96, 0x0e, 0xbc, 0x80, 0x05, 0xba, 0x3b, 0x53, 0x4b, 0xc2,
    0x3a, 0xe4, 0xbb, 0x76, 0x3b, 0xf4, 0x75, 0xdd, 0x3d, 0xbc, 0x26, 0xbe, 0x3d, 0xd5, 0xb4, 0x66,
    0xbe, 0x13, 0x51, 0x67, 0xbe, 0xcf, 0xc5, 0x65, 0xbe, 0x3f, 0x00, 0x02, 0xbe, 0x99, 0x96, 0x5a,
    0x3d, 0x15, 0x34, 0x83, 0x39, 0x95, 0x5c, 0x07, 0x3d, 0x5e, 0xfe, 0x1d, 0x3c, 0xcb, 0x9f, 0x7d,
    0x3b, 0x59, 0x2c, 0x38, 0x3b, 0x9f, 0xc6, 0x3e, 0xbb, 0x1b, 0x19, 0xde, 0xbd, 0x68, 0x7f, 0x0b,
    0xbe, 0xf4, 0x54, 0x51, 0x3e, 0xc0, 0xd7, 0xfd, 0x3d, 0x28, 0xed, 0x97, 0x3e, 0x55, 0x3e, 0x0c,
    0x3e, 0x8f, 0x7a, 0xd9, 0x3c, 0x9d, 0x57, 0xc1, 0x3c, 0x6c, 0x25, 0xc4, 0xbc, 0x33, 0x3b, 0x0f,
    0xbb, 0xf8, 0x7f, 0x2a, 0xbc, 0x72, 0x1c, 0x7f, 0xbb, 0x32, 0x19, 0xc9, 0xba, 0x1b, 0x19, 0xde,
    0x3d, 0x4e, 0x18, 0x32, 0x3e, 0xe8, 0xa7, 0x31, 0xbe, 0x6d, 0x0b, 0x7b, 0x3a, 0xa5, 0xa5, 0xa4,
    0xbe, 0x76, 0x09, 0xc9, 0xbd, 0x9e, 0x02, 0xcb, 0xbd, 0x78, 0xb4, 0x09, 0xbd, 0xba, 0xc8, 0x7d,
    0xb9, 0xda, 0xfe, 0xf8, 0xbb, 0x50, 0xbe, 0xf3, 0x3b, 0xf4, 0x67, 0x97, 0xb8, 0xd1, 0x15, 0x89,
    0x3b, 0xf4, 0x75, 0xdd, 0xbd, 0x9f, 0xb9, 0x4f, 0xbe, 0xe4, 0x41, 0x0a, 0x3e, 0xa0, 0x8e, 0xfb,
    0xbd, 0xd4, 0x66, 0x96, 0x3e, 0x5f, 0x4c, 0xd6, 0x3c, 0xbf, 0x73, 0x0a, 0x3e, 0x0d, 0xfb, 0xbd,
    0x3c, 0x40, 0xe1, 0xc0, 0x3c, 0xe9, 0x97, 0x26, 0x3c, 0xb3, 0x39, 0x0c, 0x3b, 0xe4, 0xbb, 0x76,
    0x3b, 0x53, 0x4b, 0xc2, 0xba, 0xf4, 0x75, 0xdd, 0x3d, 0xd9, 0x5c, 0x66, 0x3e, 0x91, 0xcf, 0xbf,
    0xbd, 0xcf, 0xc5, 0x65, 0x3e, 0x13, 0x51, 0x67, 0xbe, 0x0d, 0x22, 0x55, 0x3d, 0xdd, 0x90, 0x02,
    0xbe, 0x15, 0x34, 0x83, 0xb9, 0x95, 0x5c, 0x07, 0xbd, 0x5b, 0xc4, 0x85, 0xbb, 0x9f, 0x8d, 0x1c,
    0xbc, 0x9f, 0xc6, 0x3e, 0xbb, 0x59, 0x2c, 0x38, 0xbb, 0x1b, 0x19, 0xde, 0xbd, 0xe4, 0xa8, 0x76,
    0xbe, 0x55, 0x85, 0x45, 0x3d, 0x28, 0xed, 0x97, 0xbe, 0xc0, 0xd7, 0xfd, 0x3d, 0x88, 0xc7, 0xec,
    0xbd, 0x9a, 0xe3, 0x9f, 0x3d, 0x9d, 0x57, 0xc1, 0xbc, 0x6c, 0x25, 0xc4, 0x3c, 0xbc, 0x7b, 0xbe,
    0xbb, 0xae, 0xe1, 0x11, 0x3c, 0x32, 0x19, 0xc9, 0xba, 0x72, 0x1c, 0x7f, 0x3b, 0x69, 0x35, 0x92,
    0xbb, 0xaf, 0xab, 0xe4, 0xbc, 0x8d, 0x8c, 0x85, 0x3a, 0x82, 0x9e, 0xe4, 0xbc, 0x41, 0xa9, 0xd4,
    0x39, 0x80, 0x98, 0xe0, 0xbc, 0xde, 0x06, 0x24, 0x39, 0xc8, 0x88, 0xd5, 0xbc, 0x72, 0xe2, 0x3e,
    0xb7, 0x96, 0x16, 0xc1, 0xbc, 0x26, 0xfa, 0x44, 0xb9, 0x60, 0x95, 0xa3, 0xbc, 0xef, 0x2f, 0xbe,
    0xb9, 0xc0, 0xec, 0x7f, 0xbc, 0xa7, 0x95, 0x05, 0xba, 0xe4, 0x3e, 0x0c, 0xbc, 0xff, 0x35, 0x7c,
    0x3b, 0x07, 0x36, 0x1a, 0xbc, 0x34, 0xd0, 0xa8, 0x39, 0xe0, 0x3f, 0xdd, 0xbb, 0x85, 0xb6, 0xe1,
    0x38, 0xc1, 0x1a, 0x9d, 0xbb, 0x00, 0xcc, 0x77, 0x38, 0x2f, 0x37, 0x51, 0xbb, 0x19, 0xbe, 0x0b,
    0x38, 0x35, 0x3a, 0x9d, 0xba, 0x2e, 0x29, 0x69, 0x37, 0x04, 0x4f, 0x93, 0xbb, 0x89, 0x7d, 0xe7,
    0xbc, 0x53, 0x25, 0x96, 0xbb, 0x42, 0xfa, 0xd9, 0xbc, 0x3e, 0x52, 0x2d, 0xbc, 0x16, 0x88, 0xc0,
    0xbc, 0xca, 0x51, 0x7e, 0xbc, 0xe2, 0x2b, 0x9b, 0xbc, 0x7f, 0x76, 0x9b, 0xbc, 0xbe, 0xba, 0x59,
    0xbc, 0x63, 0xff, 0xa5, 0xbc, 0xfc, 0x47, 0xf6, 0xbb, 0xf4, 0x1b, 0x9d, 0xbc, 0xf2, 0xab, 0x2f,
    0xbb, 0x7b, 0x53, 0x87, 0xbc, 0xf5, 0x37, 0x76, 0x3b, 0x38, 0x50, 0x0b, 0xbc, 0xee, 0x15, 0xba,
    0x3a, 0x57, 0x35, 0x0e, 0xbc, 0xff, 0xda, 0x1c, 0x3b, 0x41, 0x7d, 0xc6, 0xbb, 0x68, 0xd4, 0x27,
    0x3b, 0x82, 0x1c, 0x81, 0xbb, 0xd5, 0x9f, 0x10, 0x3b, 0x34, 0xc3, 0x13, 0xbb, 0xea, 0x29, 0x81,
    0x3a, 0x84, 0x06, 0x31, 0xba, 0x04, 0x4f, 0x93, 0xbb, 0xd3, 0x54, 0xd5, 0xbc, 0x28, 0xcc, 0x42,
    0xbc, 0xfa, 0x7a, 0xa3, 0xbc, 0xaf, 0x38, 0xa8, 0xbc, 0x8b, 0x4f, 0x2e, 0xbc, 0xc9, 0xa3, 0xd5,
    0xbc, 0x17, 0x0a, 0xd3, 0xb7, 0xd0, 0xa6, 0xdb, 0xbc, 0xdc, 0xc6, 0x14, 0x3c, 0xe5, 0x0b, 0xb8,
    0xbc, 0x64, 0x03, 0x6a, 0x3c, 0x12, 0x2d, 0x73, 0xbc, 0x46, 0x70, 0x79, 0x3c, 0x25, 0xb3, 0xe3,
    0xbb, 0x38, 0x50, 0x0b, 0x3c, 0xf5, 0x37, 0x76, 0xbb, 0x36, 0x2a, 0x03, 0x3c, 0x25, 0xaa, 0x6e,
    0x3b, 0x94, 0x6a, 0x94, 0x3b, 0x00, 0x5e, 0x99, 0x3b, 0xd2, 0x74, 0xe4, 0x3a, 0x62, 0x00, 0x8f,
    0x3b, 0x6b, 0x04, 0x0e, 0xb8, 0xac, 0xbf, 0x4e, 0x3b, 0x1c, 0x74, 0xf6, 0xb9, 0x2a, 0xf3, 0x8f,
    0x3a, 0x69, 0x35, 0x92, 0xbb, 0xd6, 0x7e, 0xb9, 0xbc, 0x94, 0xfb, 0x85, 0xbc, 0x77, 0xd6, 0x28,
    0xbc, 0xf8, 0x7c, 0xd4, 0xbc, 0x0b, 0x4b, 0xb4, 0x3b, 0xb9, 0x07, 0xdc, 0xbc, 0xf8, 0xec, 0x96,
    0x3c, 0xb6, 0x0e, 0x97, 0xbc, 0xef, 0x13, 0xbd, 0x3c, 0x41, 0xb7, 0x9c, 0xbb, 0xc7, 0x44, 0x98,
    0x3c, 0xc0, 0x6b, 0xef, 0x3b, 0x4d, 0x20, 0x15, 0x3c, 0xbc, 0x27, 0x50, 0x3c, 0xff, 0x35, 0x7c,
    0xbb, 0xe4, 0x3e, 0x0c, 0x3c, 0x71, 0x1f, 0xb4, 0xbb, 0xf4, 0x94, 0xfa, 0x3b, 0xed, 0xc1, 0xcd,
    0xbb, 0x08, 0xd2, 0x22, 0x3b, 0x47, 0xb5, 0x99, 0xbb, 0x71, 0x31, 0x82, 0xba, 0xcf, 0x64, 0x12,
    0xbb, 0x50, 0x7b, 0x15, 0xbb, 0x84, 0x18, 0x67, 0xb9, 0xc9, 0x8f, 0x9a, 0xba, 0x69, 0x35, 0x92,
    0xbb, 0xbe, 0x98, 0xa7, 0xbc, 0xe0, 0xca, 0x9b, 0xbc, 0x41, 0xa9, 0xd4, 0xb9, 0x82, 0x9e, 0xe4,
    0xbc, 0x32, 0xe8, 0x9d, 0x3c, 0x22, 0xb8, 0x9f, 0xbc, 0xc8, 0x88, 0xd5, 0x3c, 0x72, 0xe2, 0x3e,
    0x37, 0x22, 0x72, 0x87, 0x3c, 0x45, 0x9f, 0x89, 0x3c, 0xef, 0x2f, 0xbe, 0xb9, 0x60, 0x95, 0xa3,
    0x3c, 0xad, 0xde, 0x3a, 0xbc, 0x00, 0x10, 0x2f, 0x3c, 0xe4, 0x3e, 0x0c, 0xbc, 0xff, 0x35, 0x7c,
    0x3b, 0x43, 0x8c, 0xe1, 0xbb, 0x74, 0xa0, 0xd2, 0xbb, 0x85, 0xb6, 0xe1, 0xb8, 0xe0, 0x3f, 0xdd,
    0xbb, 0x08, 0x71, 0x5b, 0x3b, 0xc8, 0xea, 0x60, 0xbb, 0x2f, 0x37, 0x51, 0x3b, 0x19, 0xbe, 0x0b,
    0xb8, 0xdf, 0xed, 0x60, 0x3a, 0xea, 0xc6, 0x5b, 0x3a, 0x04, 0x4f, 0x93, 0xbb, 0x69, 0x25, 0x89,
    0xbc, 0x0f, 0x3b, 0xbe, 0xbc, 0x3e, 0x52, 0x2d, 0x3c, 0x42, 0xfa, 0xd9, 0xbc, 0x50, 0x0e, 0xe2,
    0x3c, 0x46, 0xe6, 0xb8, 0xbb, 0xe2, 0x2b, 0x9b, 0x3c, 0x7f, 0x76, 0x9b, 0x3c, 0x9f, 0x98, 0xa1,
    0xbb, 0x66, 0x5b, 0xc2, 0x3c, 0xf4, 0x1b, 0x9d, 0xbc, 0xfc, 0x47, 0xf6, 0x3b, 0x46, 0x6f, 0x5e,
    0xbc, 0x4a, 0x53, 0x20, 0xbc, 0xf5, 0x37, 0x76, 0x3b, 0x38, 0x50, 0x0b, 0xbc, 0x33, 0x02, 0xea,
    0x3b, 0xa6, 0x37, 0xa8, 0xbb, 0x41, 0x7d, 0xc6, 0x3b, 0xff, 0xda, 0x1c, 0x3b, 0x87, 0xab, 0x7f,
    0x3a, 0xdd, 0xa1, 0x96, 0x3b, 0xd5, 0x9f, 0x10, 0xbb, 0x34, 0xc3, 0x13, 0x3b, 0xa5, 0xeb, 0x99,
    0xba, 0xed, 0xf4, 0x65, 0xb9, 0x04, 0x4f, 0x93, 0xbb, 0x16, 0xf4, 0x23, 0xbc, 0x28, 0xb8, 0xdb,
    0xbc, 0xaf, 0x38, 0xa8, 0x3c, 0xfa, 0x7a, 0xa3, 0xbc, 0xbc, 0xb1, 0xd4, 0x3c, 0x41, 0xe0, 0x32,
    0x3c, 0x17, 0x0a, 0xd3, 0x37, 0xd0, 0xa6, 0xdb, 0x3c, 0xb5, 0xbd, 0xb6, 0xbc, 0x76, 0x14, 0x1b,
    0x3c, 0x12, 0x2d, 0x73, 0xbc, 0x64, 0x03, 0x6a, 0xbc, 0x58, 0xc0, 0xbf, 0x3b, 0x1e, 0x71, 0x80,
    0xbc, 0x38, 0x50, 0x0b, 0x3c, 0xf5, 0x37, 0x76, 0xbb, 0x9b, 0x3a, 0x4a, 0x3b, 0x1c, 0xf0, 0x06,
    0x3c, 0x00, 0x5e, 0x99, 0xbb, 0x94, 0x6a, 0x94, 0x3b, 0xca, 0x80, 0x8d, 0xbb, 0x22, 0xed, 0xf2,
    0xba, 0x6b, 0x04, 0x0e, 0x38, 0xac, 0xbf, 0x4e, 0xbb, 0xec, 0x5a, 0x91, 0x3a, 0xf8, 0xe1, 0xe8,
    0xb9, 0x69, 0x35, 0x92, 0xbb, 0x32, 0xb3, 0x91, 0xbb, 0xba, 0xe7, 0xe1, 0xbc, 0xf8, 0x7c, 0xd4,
    0x3c, 0x77, 0xd6, 0x28, 0xbc, 0x28, 0x6d, 0x77, 0x3c, 0xd9, 0x74, 0xbb, 0x3c, 0xf8, 0xec, 0x96,
    0xbc, 0xb6, 0x0e, 0x97, 0x3c, 0xe6, 0x66, 0xa1, 0xbc, 0x33, 0xfd, 0x53, 0xbc, 0xc0, 0x6b, 0xef,
    0x3b, 0xc7, 0x44, 0x98, 0xbc, 0xd7, 0xa2, 0x7c, 0x3c, 0x98, 0xf5, 0x26, 0x3b, 0xff, 0x35, 0x7c,
    0xbb, 0xe4, 0x3e, 0x0c, 0x3c, 0xf0, 0x46, 0x18, 0xbc, 0xcb, 0x49, 0xc7, 0x3a, 0x08, 0xd2, 0x22,
    0xbb, 0xed, 0xc1, 0xcd, 0xbb, 0x02, 0xb4, 0x83, 0x3b, 0x8b, 0x58, 0x2b, 0xbb, 0xcf, 0x64, 0x12,
    0x3b, 0x50, 0x7b, 0x15, 0x3b, 0x1a, 0xbb, 0x31, 0xba, 0xc0, 0xb7, 0x81, 0x3a, 0x69, 0x35, 0x92,
    0xbb, 0x8d, 0x8c, 0x85, 0xba, 0xaf, 0xab, 0xe4, 0xbc, 0x82, 0x9e, 0xe4, 0x3c, 0x41, 0xa9, 0xd4,
    0xb9, 0xde, 0x06, 0x24, 0x39, 0x80, 0x98, 0xe0, 0x3c, 0xc8, 0x88, 0xd5, 0xbc, 0x72, 0xe2, 0x3e,
    0xb7, 0x26, 0xfa, 0x44, 0x39, 0x96, 0x16, 0xc1, 0xbc, 0x60, 0x95, 0xa3, 0x3c, 0xef, 0x2f, 0xbe,
    0x39, 0xa7, 0x95, 0x05, 0xba, 0xc0, 0xec, 0x7f, 0x3c, 0xe4, 0x3e, 0x0c, 0xbc, 0xff, 0x35, 0x7c,
    0x3b, 0x34, 0xd0, 0xa8, 0xb9, 0x07, 0x36, 0x1a, 0xbc, 0xe0, 0x3f, 0xdd, 0x3b, 0x85, 0xb6, 0xe1,
    0xb8, 0x00, 0xcc, 0x77, 0x38, 0xc1, 0x1a, 0x9d, 0x3b, 0x2f, 0x37, 0x51, 0xbb, 0x19, 0xbe, 0x0b,
    0x38, 0x2e, 0x29, 0x69, 0xb7, 0x35, 0x3a, 0x9d, 0xba, 0x04, 0x4f, 0x93, 0xbb, 0x53, 0x25, 0x96,
    0x3b, 0x89, 0x7d, 0xe7, 0xbc, 0x42, 0xfa, 0xd9, 0x3c, 0x3e, 0x52, 0x2d, 0x3c, 0xca, 0x51, 0x7e,
    0xbc, 0x16, 0x88, 0xc0, 0x3c, 0xe2, 0x2b, 0x9b, 0xbc, 0x7f, 0x76, 0x9b, 0xbc, 0x63, 0xff, 0xa5,
    0x3c, 0xbe, 0xba, 0x59, 0xbc, 0xfc, 0x47, 0xf6, 0x3b, 0xf4, 0x1b, 0x9d, 0x3c, 0x7b, 0x53, 0x87,
    0xbc, 0xf2, 0xab, 0x2f, 0x3b, 0xf5, 0x37, 0x76, 0x3b, 0x38, 0x50, 0x0b, 0xbc, 0x57, 0x35, 0x0e,
    0x3c, 0xee, 0x15, 0xba, 0x3a, 0xff, 0xda, 0x1c, 0xbb, 0x41, 0x7d, 0xc6, 0x3b, 0x82, 0x1c, 0x81,
    0xbb, 0x68, 0xd4, 0x27, 0xbb, 0xd5, 0x9f, 0x10, 0x3b, 0x34, 0xc3, 0x13, 0xbb, 0x84, 0x06, 0x31,
    0x3a, 0xea, 0x29, 0x81, 0x3a, 0x04, 0x4f, 0x93, 0xbb, 0x28, 0xcc, 0x42, 0x3c, 0xd3, 0x54, 0xd5,
    0xbc, 0xfa, 0x7a, 0xa3, 0x3c, 0xaf, 0x38, 0xa8, 0x3c, 0xc9, 0xa3, 0xd5, 0xbc, 0x8b, 0x4f, 0x2e,
    0x3c, 0x17, 0x0a, 0xd3, 0xb7, 0xd0, 0xa6, 0xdb, 0xbc, 0xe5, 0x0b, 0xb8, 0x3c, 0xdc, 0xc6, 0x14,
    0x3c, 0x64, 0x03, 0x6a, 0xbc, 0x12, 0x2d, 0x73, 0x3c, 0x25, 0xb3, 0xe3, 0xbb, 0x46, 0x70, 0x79,
    0xbc, 0x38, 0x50, 0x0b, 0x3c, 0xf5, 0x37, 0x76, 0xbb, 0x25, 0xaa, 0x6e, 0xbb, 0x36, 0x2a, 0x03,
    0x3c, 0x94, 0x6a, 0x94, 0xbb, 0x00, 0x5e, 0x99, 0xbb, 0x62, 0x00, 0x8f, 0x3b, 0xd2, 0x74, 0xe4,
    0xba, 0x6b, 0x04, 0x0e, 0xb8, 0xac, 0xbf, 0x4e, 0x3b, 0x2a, 0xf3, 0x8f, 0xba, 0x1c, 0x74, 0xf6,
    0xb9, 0x69, 0x35, 0x92, 0xbb, 0x94, 0xfb, 0x85, 0x3c, 0xd6, 0x7e, 0xb9, 0xbc, 0x77, 0xd6, 0x28,
    0x3c, 0xf8, 0x7c, 0xd4, 0x3c, 0xb9, 0x07, 0xdc, 0xbc, 0x0b, 0x4b, 0xb4, 0xbb, 0xf8, 0xec, 0x96,
    0x3c, 0xb6, 0x0e, 0x97, 0xbc, 0x41, 0xb7, 0x9c, 0x3b, 0xef, 0x13, 0xbd, 0x3c, 0xc7, 0x44, 0x98,
    0xbc, 0xc0, 0x6b, 0xef, 0xbb, 0xbc, 0x27, 0x50, 0x3c, 0x4d, 0x20, 0x15, 0xbc, 0xff, 0x35, 0x7c,
    0xbb, 0xe4, 0x3e, 0x0c, 0x3c, 0xf4, 0x94, 0xfa, 0xbb, 0x71, 0x1f, 0xb4, 0xbb, 0xed, 0xc1, 0xcd,
    0x3b, 0x08, 0xd2, 0x22, 0xbb, 0x71, 0x31, 0x82, 0xba, 0x47, 0xb5, 0x99, 0x3b, 0xcf, 0x64, 0x12,
    0xbb, 0x50, 0x7b, 0x15, 0xbb, 0xc9, 0x8f, 0x9a, 0x3a, 0x84, 0x18, 0x67, 0xb9, 0x69, 0x35, 0x92,
    0xbb, 0xe0, 0xca, 0x9b, 0x3c, 0xbe, 0x98, 0xa7, 0xbc, 0x41, 0xa9, 0xd4, 0x39, 0x82, 0x9e, 0xe4,
    0x3c, 0x22, 0xb8, 0x9f, 0xbc, 0x32, 0xe8, 0x9d, 0xbc, 0xc8, 0x88, 0xd5, 0x3c, 0x72, 0xe2, 0x3e,
    0x37, 0x45, 0x9f, 0x89, 0xbc, 0x22, 0x72, 0x87, 0x3c, 0xef, 0x2f, 0xbe, 0x39, 0x60, 0x95, 0xa3,
    0xbc, 0x00, 0x10, 0x2f, 0x3c, 0xad, 0xde, 0x3a, 0x3c, 0xe4, 0x3e, 0x0c, 0xbc, 0xff, 0x35, 0x7c,
    0x3b, 0x74, 0xa0, 0xd2, 0x3b, 0x43, 0x8c, 0xe1, 0xbb, 0x85, 0xb6, 0xe1, 0x38, 0xe0, 0x3f, 0xdd,
    0x3b, 0xc8, 0xea, 0x60, 0xbb, 0x08, 0x71, 0x5b, 0xbb, 0x2f, 0x37, 0x51, 0x3b, 0x19, 0xbe, 0x0b,
    0xb8, 0xea, 0xc6, 0x5b, 0xba, 0xdf, 0xed, 0x60, 0x3a, 0x04, 0x4f, 0x93, 0xbb, 0x0f, 0x3b, 0xbe,
    0x3c, 0x69, 0x25, 0x89, 0xbc, 0x3e, 0x52, 0x2d, 0xbc, 0x42, 0xfa, 0xd9, 0x3c, 0x46, 0xe6, 0xb8,
    0xbb, 0x50, 0x0e, 0xe2, 0xbc, 0xe2, 0x2b, 0x9b, 0x3c, 0x7f, 0x76, 0x9b, 0x3c, 0x66, 0x5b, 0xc2,
    0xbc, 0x9f, 0x98, 0xa1, 0xbb, 0xf4, 0x1b, 0x9d, 0x3c, 0xfc, 0x47, 0xf6, 0xbb, 0x4a, 0x53, 0x20,
    0xbc, 0x46, 0x6f, 0x5e, 0x3c, 0xf5, 0x37, 0x76, 0x3b, 0x38, 0x50, 0x0b, 0xbc, 0xa6, 0x37, 0xa8,
    0x3b, 0x33, 0x02, 0xea, 0x3b, 0x41, 0x7d, 0xc6, 0xbb, 0xff, 0xda, 0x1c, 0xbb, 0xdd, 0xa1, 0x96,
    0x3b, 0x87, 0xab, 0x7f, 0xba, 0xd5, 0x9f, 0x10, 0xbb, 0x34, 0xc3, 0x13, 0x3b, 0xed, 0xf4, 0x65,
    0x39, 0xa5, 0xeb, 0x99, 0xba, 0x04, 0x4f, 0x93, 0xbb, 0x28, 0xb8, 0xdb, 0x3c, 0x16, 0xf4, 0x23,
    0xbc, 0xaf, 0x38, 0xa8, 0xbc, 0xfa, 0x7a, 0xa3, 0x3c, 0x41, 0xe0, 0x32, 0x3c, 0xbc, 0xb1, 0xd4,
    0xbc, 0x17, 0x0a, 0xd3, 0x37, 0xd0, 0xa6, 0xdb, 0x3c, 0x76, 0x14, 0x1b, 0xbc, 0xb5, 0xbd, 0xb6,
    0xbc, 0x12, 0x2d, 0x73, 0x3c, 0x64, 0x03, 0x6a, 0x3c, 0x1e, 0x71, 0x80, 0xbc, 0x58, 0xc0, 0xbf,
    0xbb, 0x38, 0x50, 0x0b, 0x3c, 0xf5, 0x37, 0x76, 0xbb, 0x1c, 0xf0, 0x06, 0xbc, 0x9b, 0x3a, 0x4a,
    0x3b, 0x00, 0x5e, 0x99, 0x3b, 0x94, 0x6a, 0x94, 0xbb, 0x22, 0xed, 0xf2, 0xba, 0xca, 0x80, 0x8d,
    0x3b, 0x6b, 0x04, 0x0e, 0x38, 0xac, 0xbf, 0x4e, 0xbb, 0xf8, 0xe1, 0xe8, 0x39, 0xec, 0x5a, 0x91,
    0x3a, 0x69, 0x35, 0x92, 0xbb, 0xba, 0xe7, 0xe1, 0x3c, 0x32, 0xb3, 0x91, 0xbb, 0xf8, 0x7c, 0xd4,
    0xbc, 0x77, 0xd6, 0x28, 0x3c, 0xd9, 0x74, 0xbb, 0x3c, 0x28, 0x6d, 0x77, 0xbc, 0xf8, 0xec, 0x96,
    0xbc, 0xb6, 0x0e, 0x97, 0x3c, 0x33, 0xfd, 0x53, 0x3c, 0xe6, 0x66, 0xa1, 0xbc, 0xc0, 0x6b, 0xef,
    0xbb, 0xc7, 0x44, 0x98, 0x3c, 0x98, 0xf5, 0x26, 0x3b, 0xd7, 0xa2, 0x7c, 0xbc, 0xff, 0x35, 0x7c,
    0xbb, 0xe4, 0x3e, 0x0c, 0x3c, 0xcb, 0x49, 0xc7, 0xba, 0xf0, 0x46, 0x18, 0xbc, 0x08, 0xd2, 0x22,
    0x3b, 0xed, 0xc1, 0xcd, 0x3b, 0x8b, 0x58, 0x2b, 0xbb, 0x02, 0xb4, 0x83, 0xbb, 0xcf, 0x64, 0x12,
    0x3b, 0x50, 0x7b, 0x15, 0x3b, 0xc0, 0xb7, 0x81, 0xba, 0x1a, 0xbb, 0x31, 0xba, 0x69, 0x35, 0x92,
    0xbb, 0xaf, 0xab, 0xe4, 0x3c, 0x8d, 0x8c, 0x85, 0xba, 0x82, 0x9e, 0xe4, 0xbc, 0x41, 0xa9, 0xd4,
    0x39, 0x80, 0x98, 0xe0, 0x3c, 0xde, 0x06, 0x24, 0xb9, 0xc8, 0x88, 0xd5, 0xbc, 0x72, 0xe2, 0x3e,
    0xb7, 0x96, 0x16, 0xc1, 0x3c, 0x26, 0xfa, 0x44, 0x39, 0x60, 0x95, 0xa3, 0xbc, 0xef, 0x2f, 0xbe,
    0xb9, 0xc0, 0xec, 0x7f, 0x3c, 0xa7, 0x95, 0x05, 0x3a, 0xe4, 0x3e, 0x0c, 0xbc, 0xff, 0x35, 0x7c,
    0x3b, 0x07, 0x36, 0x1a, 0x3c, 0x34, 0xd0, 0xa8, 0xb9, 0xe0, 0x3f, 0xdd, 0xbb, 0x85, 0xb6, 0xe1,
    0x38, 0xc1, 0x1a, 0x9d, 0x3b, 0x00, 0xcc, 0x77, 0xb8, 0x2f, 0x37, 0x51, 0xbb, 0x19, 0xbe, 0x0b,
    0x38, 0x35, 0x3a, 0x9d, 0x3a, 0x2e, 0x29, 0x69, 0xb7, 0x04, 0x4f, 0x93, 0xbb, 0x89, 0x7d, 0xe7,
    0x3c, 0x53, 0x25, 0x96, 0x3b, 0x42, 0xfa, 0xd9, 0xbc, 0x3e, 0x52, 0x2d, 0xbc, 0x16, 0x88, 0xc0,
    0x3c, 0xca, 0x51, 0x7e, 0x3c, 0xe2, 0x2b, 0x9b, 0xbc, 0x7f, 0x76, 0x9b, 0xbc, 0xbe, 0xba, 0x59,
    0x3c, 0x63, 0xff, 0xa5, 0x3c, 0xfc, 0x47, 0xf6, 0xbb, 0xf4, 0x1b, 0x9d, 0xbc, 0xf2, 0xab, 0x2f,
    0x3b, 0x7b, 0x53, 0x87, 0x3c, 0xf5, 0x37, 0x76, 0x3b, 0x38, 0x50, 0x0b, 0xbc, 0xee, 0x15, 0xba,
    0xba, 0x57, 0x35, 0x0e, 0x3c, 0xff, 0xda, 0x1c, 0x3b, 0x41, 0x7d, 0xc6, 0xbb, 0x68, 0xd4, 0x27,
    0xbb, 0x82, 0x1c, 0x81, 0x3b, 0xd5, 0x9f, 0x10, 0x3b, 0x34, 0xc3, 0x13, 0xbb, 0xea, 0x29, 0x81,
    0xba, 0x84, 0x06, 0x31, 0x3a, 0x04, 0x4f, 0x93, 0xbb, 0xd3, 0x54, 0xd5, 0x3c, 0x28, 0xcc, 0x42,
    0x3c, 0xfa, 0x7a, 0xa3, 0xbc, 0xaf, 0x38, 0xa8, 0xbc, 0x8b, 0x4f, 0x2e, 0x3c, 0xc9, 0xa3, 0xd5,
    0x3c, 0x17, 0x0a, 0xd3, 0xb7, 0xd0, 0xa6, 0xdb, 0xbc, 0xdc, 0xc6, 0x14, 0xbc, 0xe5, 0x0b, 0xb8,
    0x3c, 0x64, 0x03, 0x6a, 0x3c, 0x12, 0x2d, 0x73, 0xbc, 0x46, 0x70, 0x79, 0xbc, 0x25, 0xb3, 0xe3,
    0x3b, 0x38, 0x50, 0x0b, 0x3c, 0xf5, 0x37, 0x76, 0xbb, 0x36, 0x2a, 0x03, 0xbc, 0x25, 0xaa, 0x6e,
    0xbb, 0x94, 0x6a, 0x94, 0x3b, 0x00, 0x5e, 0x99, 0x3b, 0xd2, 0x74, 0xe4, 0xba, 0x62, 0x00, 0x8f,
    0xbb, 0x6b, 0x04, 0x0e, 0xb8, 0xac, 0xbf, 0x4e, 0x3b, 0x1c, 0x74, 0xf6, 0x39, 0x2a, 0xf3, 0x8f,
    0xba, 0x69, 0x35, 0x92, 0xbb, 0xd6, 0x7e, 0xb9, 0x3c, 0x94, 0xfb, 0x85, 0x3c, 0x77, 0xd6, 0x28,
    0xbc, 0xf8, 0x7c, 0xd4, 0xbc, 0x0b, 0x4b, 0xb4, 0xbb, 0xb9, 0x07, 0xdc, 0x3c, 0xf8, 0xec, 0x96,
    0x3c, 0xb6, 0x0e, 0x97, 0xbc, 0xef, 0x13, 0xbd, 0xbc, 0x41, 0xb7, 0x9c, 0x3b, 0xc7, 0x44, 0x98,
    0x3c, 0xc0, 0x6b, 0xef, 0x3b, 0x4d, 0x20, 0x15, 0xbc, 0xbc, 0x27, 0x50, 0xbc, 0xff, 0x35, 0x7c,
    0xbb, 0xe4, 0x3e, 0x0c, 0x3c, 0x71, 0x1f, 0xb4, 0x3b, 0xf4, 0x94, 0xfa, 0xbb, 0xed, 0xc1, 0xcd,
    0xbb, 0x08, 0xd2, 0x22, 0x3b, 0x47, 0xb5, 0x99, 0x3b, 0x71, 0x31, 0x82, 0x3a, 0xcf, 0x64, 0x12,
    0xbb, 0x50, 0x7b, 0x15, 0xbb, 0x84, 0x18, 0x67, 0x39, 0xc9, 0x8f, 0x9a, 0x3a, 0x69, 0x35, 0x92,
    0xbb, 0xbe, 0x98, 0xa7, 0x3c, 0xe0, 0xca, 0x9b, 0x3c, 0x41, 0xa9, 0xd4, 0xb9, 0x82, 0x9e, 0xe4,
    0xbc, 0x32, 0xe8, 0x9d, 0xbc, 0x22, 0xb8, 0x9f, 0x3c, 0xc8, 0x88, 0xd5, 0x3c, 0x72, 0xe2, 0x3e,
    0x37, 0x22, 0x72, 0x87, 0xbc, 0x45, 0x9f, 0x89, 0xbc, 0xef, 0x2f, 0xbe, 0xb9, 0x60, 0x95, 0xa3,
    0x3c, 0xad, 0xde, 0x3a, 0x3c, 0x00, 0x10, 0x2f, 0xbc, 0xe4, 0x3e, 0x0c, 0xbc, 0xff, 0x35, 0x7c,
    0x3b, 0x43, 0x8c, 0xe1, 0x3b, 0x74, 0xa0, 0xd2, 0x3b, 0x85, 0xb6, 0xe1, 0xb8, 0xe0, 0x3f, 0xdd,
    0xbb, 0x08, 0x71, 0x5b, 0xbb, 0xc8, 0xea, 0x60, 0x3b, 0x2f, 0x37, 0x51, 0x3b, 0x19, 0xbe, 0x0b,
    0xb8, 0xdf, 0xed, 0x60, 0xba, 0xea, 0xc6, 0x5b, 0xba, 0x04, 0x4f, 0x93, 0xbb, 0x69, 0x25, 0x89,
    0x3c, 0x0f, 0x3b, 0xbe, 0x3c, 0x3e, 0x52, 0x2d, 0x3c, 0x42, 0xfa, 0xd9, 0xbc, 0x50, 0x0e, 0xe2,
    0xbc, 0x46, 0xe6, 0xb8, 0x3b, 0xe2, 0x2b, 0x9b, 0x3c, 0x7f, 0x76, 0x9b, 0x3c, 0x9f, 0x98, 0xa1,
    0x3b, 0x66, 0x5b, 0xc2, 0xbc, 0xf4, 0x1b, 0x9d, 0xbc, 0xfc, 0x47, 0xf6, 0x3b, 0x46, 0x6f, 0x5e,
    0x3c, 0x4a, 0x53, 0x20, 0x3c, 0xf5, 0x37, 0x76, 0x3b, 0x38, 0x50, 0x0b, 0xbc, 0x33, 0x02, 0xea,
    0xbb, 0xa6, 0x37, 0xa8, 0x3b, 0x41, 0x7d, 0xc6, 0x3b, 0xff, 0xda, 0x1c, 0x3b, 0x87, 0xab, 0x7f,
    0xba, 0xdd, 0xa1, 0x96, 0xbb, 0xd5, 0x9f, 0x10, 0xbb, 0x34, 0xc3, 0x13, 0x3b, 0xa5, 0xeb, 0x99,
    0x3a, 0xed, 0xf4, 0x65, 0x39, 0x04, 0x4f, 0x93, 0xbb, 0x16, 0xf4, 0x23, 0x3c, 0x28, 0xb8, 0xdb,
    0x3c, 0xaf, 0x38, 0xa8, 0x3c, 0xfa, 0x7a, 0xa3, 0xbc, 0xbc, 0xb1, 0xd4, 0xbc, 0x41, 0xe0, 0x32,
    0xbc, 0x17, 0x0a, 0xd3, 0x37, 0xd0, 0xa6, 0xdb, 0x3c, 0xb5, 0xbd, 0xb6, 0x3c, 0x76, 0x14, 0x1b,
    0xbc, 0x12, 0x2d, 0x73, 0xbc, 0x64, 0x03, 0x6a, 0xbc, 0x58, 0xc0, 0xbf, 0xbb, 0x1e, 0x71, 0x80,
    0x3c, 0x38, 0x50, 0x0b, 0x3c, 0xf5, 0x37, 0x76, 0xbb, 0x9b, 0x3a, 0x4a, 0xbb, 0x1c, 0xf0, 0x06,
    0xbc, 0x00, 0x5e, 0x99, 0xbb, 0x94, 0x6a, 0x94, 0x3b, 0xca, 0x80, 0x8d, 0x3b, 0x22, 0xed, 0xf2,
    0x3a, 0x6b, 0x04, 0x0e, 0x38, 0xac, 0xbf, 0x4e, 0xbb, 0xec, 0x5a, 0x91, 0xba, 0xf8, 0xe1, 0xe8,
    0x39, 0x69, 0x35, 0x92, 0xbb, 0x32, 0xb3, 0x91, 0x3b, 0xba, 0xe7, 0xe1, 0x3c, 0xf8, 0x7c, 0xd4,
    0x3c, 0x77, 0xd6, 0x28, 0xbc, 0x28, 0x6d, 0x77, 0xbc, 0xd9, 0x74, 0xbb, 0xbc, 0xf8, 0xec, 0x96,
    0xbc, 0xb6, 0x0e, 0x97, 0x3c, 0xe6, 0x66, 0xa1, 0x3c, 0x33, 0xfd, 0x53, 0x3c, 0xc0, 0x6b, 0xef,
    0x3b, 0xc7, 0x44, 0x98, 0xbc, 0xd7, 0xa2, 0x7c, 0xbc, 0x98, 0xf5, 0x26, 0xbb, 0xff, 0x35, 0x7c,
    0xbb, 0xe4, 0x3e, 0x0c, 0x3c, 0xf0, 0x46, 0x18, 0x3c, 0xcb, 0x49, 0xc7, 0xba, 0x08, 0xd2, 0x22,
    0xbb, 0xed, 0xc1, 0xcd, 0xbb, 0x02, 0xb4, 0x83, 0xbb, 0x8b, 0x58, 0x2b, 0x3b, 0xcf, 0x64, 0x12,
    0x3b, 0x50, 0x7b, 0x15, 0x3b, 0x1a, 0xbb, 0x31, 0x3a, 0xc0, 0xb7, 0x81, 0xba, 0x69, 0x35, 0x92,
    0xbb, 0x8d, 0x8c, 0x85, 0x3a, 0xaf, 0xab, 0xe4, 0x3c, 0x82, 0x9e, 0xe4, 0x3c, 0x41, 0xa9, 0xd4,
    0xb9, 0xde, 0x06, 0x24, 0xb9, 0x80, 0x98, 0xe0, 0xbc, 0xc8, 0x88, 0xd5, 0xbc, 0x72, 0xe2, 0x3e,
    0xb7, 0x26, 0xfa, 0x44, 0xb9, 0x96, 0x16, 0xc1, 0x3c, 0x60, 0x95, 0xa3, 0x3c, 0xef, 0x2f, 0xbe,
    0x39, 0xa7, 0x95, 0x05, 0x3a, 0xc0, 0xec, 0x7f, 0xbc, 0xe4, 0x3e, 0x0c, 0xbc, 0xff, 0x35, 0x7c,
    0x3b, 0x34, 0xd0, 0xa8, 0x39, 0x07, 0x36, 0x1a, 0x3c, 0xe0, 0x3f, 0xdd, 0x3b, 0x85, 0xb6, 0xe1,
    0xb8, 0x00, 0xcc, 0x77, 0xb8, 0xc1, 0x1a, 0x9d, 0xbb, 0x2f, 0x37, 0x51, 0xbb, 0x19, 0xbe, 0x0b,
    0x38, 0x2e, 0x29, 0x69, 0x37, 0x35, 0x3a, 0x9d, 0x3a, 0x04, 0x4f, 0x93, 0xbb, 0x53, 0x25, 0x96,
    0xbb, 0x89, 0x7d, 0xe7, 0x3c, 0x42, 0xfa, 0xd9, 0x3c, 0x3e, 0x52, 0x2d, 0x3c, 0xca, 0x51, 0x7e,
    0x3c, 0x16, 0x88, 0xc0, 0xbc, 0xe2, 0x2b, 0x9b, 0xbc, 0x7f, 0x76, 0x9b, 0xbc, 0x63, 0xff, 0xa5,
    0xbc, 0xbe, 0xba, 0x59, 0x3c, 0xfc, 0x47, 0xf6, 0x3b, 0xf4, 0x1b, 0x9d, 0x3c, 0x7b, 0x53, 0x87,
    0x3c, 0xf2, 0xab, 0x2f, 0xbb, 0xf5, 0x37, 0x76, 0x3b, 0x38, 0x50, 0x0b, 0xbc, 0x57, 0x35, 0x0e,
    0xbc, 0xee, 0x15, 0xba, 0xba, 0xff, 0xda, 0x1c, 0xbb, 0x41, 0x7d, 0xc6, 0x3b, 0x82, 0x1c, 0x81,
    0x3b, 0x68, 0xd4, 0x27, 0x3b, 0xd5, 0x9f, 0x10, 0x3b, 0x34, 0xc3, 0x13, 0xbb, 0x84, 0x06, 0x31,
    0xba, 0xea, 0x29, 0x81, 0xba, 0x04, 0x4f, 0x93, 0xbb, 0x28, 0xcc, 0x42, 0xbc, 0xd3, 0x54, 0xd5,
    0x3c, 0xfa, 0x7a, 0xa3, 0x3c, 0xaf, 0x38, 0xa8, 0x3c, 0xc9, 0xa3, 0xd5, 0x3c, 0x8b, 0x4f, 0x2e,
    0xbc, 0x17, 0x0a, 0xd3, 0xb7, 0xd0, 0xa6, 0xdb, 0xbc, 0xe5, 0x0b, 0xb8, 0xbc, 0xdc, 0xc6, 0x14,
    0xbc, 0x64, 0x03, 0x6a, 0xbc, 0x12, 0x2d, 0x73, 0x3c, 0x25, 0xb3, 0xe3, 0x3b, 0x46, 0x70, 0x79,
    0x3c, 0x38, 0x50, 0x0b, 0x3c, 0xf5, 0x37, 0x76, 0xbb, 0x25, 0xaa, 0x6e, 0x3b, 0x36, 0x2a, 0x03,
    0xbc, 0x94, 0x6a, 0x94, 0xbb, 0x00, 0x5e, 0x99, 0xbb, 0x62, 0x00, 0x8f, 0xbb, 0xd2, 0x74, 0xe4,
    0x3a, 0x6b, 0x04, 0x0e, 0xb8, 0xac, 0xbf, 0x4e, 0x3b, 0x2a, 0xf3, 0x8f, 0x3a, 0x1c, 0x74, 0xf6,
    0x39, 0x69, 0x35, 0x92, 0xbb, 0x94, 0xfb, 0x85, 0xbc, 0xd6, 0x7e, 0xb9, 0x3c, 0x77, 0xd6, 0x28,
    0x3c, 0xf8, 0x7c, 0xd4, 0x3c, 0xb9, 0x07, 0xdc, 0x3c, 0x0b, 0x4b, 0xb4, 0x3b, 0xf8, 0xec, 0x96,
    0x3c, 0xb6, 0x0e, 0x97, 0xbc, 0x41, 0xb7, 0x9c, 0xbb, 0xef, 0x13, 0xbd, 0xbc, 0xc7, 0x44, 0x98,
    0xbc, 0xc0, 0x6b, 0xef, 0xbb, 0xbc, 0x27, 0x50, 0xbc, 0x4d, 0x20, 0x15, 0x3c, 0xff, 0x35, 0x7c,
    0xbb, 0xe4, 0x3e, 0x0c, 0x3c, 0xf4, 0x94, 0xfa, 0x3b, 0x71, 0x1f, 0xb4, 0x3b, 0xed, 0xc1, 0xcd,
    0x3b, 0x08, 0xd2, 0x22, 0xbb, 0x71, 0x31, 0x82, 0x3a, 0x47, 0xb5, 0x99, 0xbb, 0xcf, 0x64, 0x12,
    0xbb, 0x50, 0x7b, 0x15, 0xbb, 0xc9, 0x8f, 0x9a, 0xba, 0x84, 0x18, 0x67, 0x39, 0x69, 0x35, 0x92,
    0xbb, 0xe0, 0xca, 0x9b, 0xbc, 0xbe, 0x98, 0xa7, 0x3c, 0x41, 0xa9, 0xd4, 0x39, 0x82, 0x9e, 0xe4,
    0x3c, 0x22, 0xb8, 0x9f, 0x3c, 0x32, 0xe8, 0x9d, 0x3c, 0xc8, 0x88, 0xd5, 0x3c, 0x72, 0xe2, 0x3e,
    0x37, 0x45, 0x9f, 0x89, 0x3c, 0x22, 0x72, 0x87, 0xbc, 0xef, 0x2f, 0xbe, 0x39, 0x60, 0x95, 0xa3,
    0xbc, 0x00, 0x10, 0x2f, 0xbc, 0xad, 0xde, 0x3a, 0xbc, 0xe4, 0x3e, 0x0c, 0xbc, 0xff, 0x35, 0x7c,
    0x3b, 0x74, 0xa0, 0xd2, 0xbb, 0x43, 0x8c, 0xe1, 0x3b, 0x85, 0xb6, 0xe1, 0x38, 0xe0, 0x3f, 0xdd,
    0x3b, 0xc8, 0xea, 0x60, 0x3b, 0x08, 0x71, 0x5b, 0x3b, 0x2f, 0x37, 0x51, 0x3b, 0x19, 0xbe, 0x0b,
    0xb8, 0xea, 0xc6, 0x5b, 0x3a, 0xdf, 0xed, 0x60, 0xba, 0x04, 0x4f, 0x93, 0xbb, 0x0f, 0x3b, 0xbe,
    0xbc, 0x69, 0x25, 0x89, 0x3c, 0x3e, 0x52, 0x2d, 0xbc, 0x42, 0xfa, 0xd9, 0x3c, 0x46, 0xe6, 0xb8,
    0x3b, 0x50, 0x0e, 0xe2, 0x3c, 0xe2, 0x2b, 0x9b, 0x3c, 0x7f, 0x76, 0x9b, 0x3c, 0x66, 0x5b, 0xc2,
    0x3c, 0x9f, 0x98, 0xa1, 0x3b, 0xf4, 0x1b, 0x9d, 0x3c, 0xfc, 0x47, 0xf6, 0xbb, 0x4a, 0x53, 0x20,
    0x3c, 0x46, 0x6f, 0x5e, 0xbc, 0xf5, 0x37, 0x76, 0x3b, 0x38, 0x50, 0x0b, 0xbc, 0xa6, 0x37, 0xa8,
    0xbb, 0x33, 0x02, 0xea, 0xbb, 0x41, 0x7d, 0xc6, 0xbb, 0xff, 0xda, 0x1c, 0xbb, 0xdd, 0xa1, 0x96,
    0xbb, 0x87, 0xab, 0x7f, 0x3a, 0xd5, 0x9f, 0x10, 0xbb, 0x34, 0xc3, 0x13, 0x3b, 0xed, 0xf4, 0x65,
    0xb9, 0xa5, 0xeb, 0x99, 0x3a, 0x04, 0x4f, 0x93, 0xbb, 0x28, 0xb8, 0xdb, 0xbc, 0x16, 0xf4, 0x23,
    0x3c, 0xaf, 0x38, 0xa8, 0xbc, 0xfa, 0x7a, 0xa3, 0x3c, 0x41, 0xe0, 0x32, 0xbc, 0xbc, 0xb1, 0xd4,
    0x3c, 0x17, 0x0a, 0xd3, 0x37, 0xd0, 0xa6, 0xdb, 0x3c, 0x76, 0x14, 0x1b, 0x3c, 0xb5, 0xbd, 0xb6,
    0x3c, 0x12, 0x2d, 0x73, 0x3c, 0x64, 0x03, 0x6a, 0x3c, 0x1e, 0x71, 0x80, 0x3c, 0x58, 0xc0, 0xbf,
    0x3b, 0x38, 0x50, 0x0b, 0x3c, 0xf5, 0x37, 0x76, 0xbb, 0x1c, 0xf0, 0x06, 0x3c, 0x9b, 0x3a, 0x4a,
    0xbb, 0x00, 0x5e, 0x99, 0x3b, 0x94, 0x6a, 0x94, 0xbb, 0x22, 0xed, 0xf2, 0x3a, 0xca, 0x80, 0x8d,
    0xbb, 0x6b, 0x04, 0x0e, 0x38, 0xac, 0xbf, 0x4e, 0xbb, 0xf8, 0xe1, 0xe8, 0xb9, 0xec, 0x5a, 0x91,
    0xba, 0x69, 0x35, 0x92, 0xbb, 0xba, 0xe7, 0xe1, 0xbc, 0x32, 0xb3, 0x91, 0x3b, 0xf8, 0x7c, 0xd4,
    0xbc, 0x77, 0xd6, 0x28, 0x3c, 0xd9, 0x74, 0xbb, 0xbc, 0x28, 0x6d, 0x77, 0x3c, 0xf8, 0xec, 0x96,
    0xbc, 0xb6, 0x0e, 0x97, 0x3c, 0x33, 0xfd, 0x53, 0xbc, 0xe6, 0x66, 0xa1, 0x3c, 0xc0, 0x6b, 0xef,
    0xbb, 0xc7, 0x44, 0x98, 0x3c, 0x98, 0xf5, 0x26, 0xbb, 0xd7, 0xa2, 0x7c, 0x3c, 0xff, 0x35, 0x7c,
    0xbb, 0xe4, 0x3e, 0x0c, 0x3c, 0xcb, 0x49, 0xc7, 0x3a, 0xf0, 0x46, 0x18, 0x3c, 0x08, 0xd2, 0x22,
    0x3b, 0xed, 0xc1, 0xcd, 0x3b, 0x8b, 0x58, 0x2b, 0x3b, 0x02, 0xb4, 0x83, 0x3b, 0xcf, 0x64, 0x12,
    0x3b, 0x50, 0x7b, 0x15, 0x3b, 0xc0, 0xb7, 0x81, 0x3a, 0x1a, 0xbb, 0x31, 0x3a, 0x3c, 0x95, 0x8b,
    0x43, 0x18, 0x45, 0x60, 0xc2, 0x5b, 0xc2, 0xe9, 0xc2, 0x39, 0x3c, 0x0a, 0x43, 0x20, 0xe3, 0x48,
    0xc1, 0x0e, 0xdb, 0xb2, 0x40, 0xaf, 0xa1, 0x77, 0x42, 0x30, 0x43, 0xee, 0xc0, 0xd2, 0xe2, 0x3f,
    0x42, 0x6a, 0x36, 0xa7, 0xc1, 0x24, 0x2c, 0x4f, 0x42, 0x1e, 0x16, 0xb4, 0x41, 0x7c, 0x40, 0xf8,
    0x40, 0x81, 0x05, 0x8d, 0x41, 0xf6, 0x0f, 0x90, 0x41, 0x2f, 0x11, 0x2f, 0x42, 0x05, 0xfc, 0xc9,
    0xc0, 0xac, 0x88, 0xc0, 0x41, 0x76, 0x8a, 0x81, 0x41, 0x05, 0xb0, 0x0e, 0x42, 0x7c, 0x40, 0xf8,
    0x40, 0x85, 0xa5, 0xaa, 0x3f, 0xc8, 0xe6, 0x38, 0x42, 0xe8, 0x08, 0x99, 0xc0, 0xd2, 0xe2, 0x3f,
    0x42, 0xdd, 0xe0, 0xf1, 0xc1, 0xaf, 0x0f, 0x57, 0x42, 0x63, 0x1b, 0x9c, 0x41, 0x20, 0xe3, 0x48,
    0xc1, 0xe0, 0x5f, 0xdf, 0x42, 0x0e, 0x19, 0xfe, 0xc2, 0x9d, 0x7b, 0x10, 0xc2, 0x18, 0x45, 0x60,
    0xc2, 0x59, 0x4f, 0x88, 0x43, 0x73, 0x08, 0x0f, 0xc2, 0x5b, 0xc2, 0xe9, 0xc2, 0xe0, 0x5f, 0xdf,
    0x42, 0x1c, 0xcc, 0x2c, 0xc1, 0xb8, 0x95, 0xfe, 0x41, 0xaf, 0xa1, 0x77, 0x42, 0xdd, 0xe0, 0xf1,
    0xc1, 0x54, 0xcb, 0x41, 0x42, 0xb9, 0x3a, 0x2d, 0x40, 0x24, 0x2c, 0x4f, 0x42, 0x85, 0xa5, 0xaa,
    0x3f, 0xe8, 0x30, 0x12, 0x41, 0x90, 0x75, 0x1c, 0x42, 0xf6, 0x0f, 0x90, 0x41, 0xac, 0x88, 0xc0,
    0x41, 0xca, 0x88, 0x98, 0xc0, 0xa3, 0x92, 0x2f, 0x42, 0x76, 0x8a, 0x81, 0x41, 0x81, 0x05, 0x8d,
    0x41, 0xe8, 0x30, 0x12, 0x41, 0x73, 0x8c, 0x9e, 0x41, 0xc8, 0xe6, 0x38, 0x42, 0x6a, 0x36, 0xa7,
    0xc1, 0x54, 0xcb, 0x41, 0x42, 0xd7, 0x62, 0x52, 0xc1, 0xaf, 0x0f, 0x57, 0x42, 0x0e, 0xdb, 0xb2,
    0x40, 0x1c, 0xcc, 0x2c, 0xc1, 0x46, 0xd2, 0xfa, 0x42, 0x0e, 0x19, 0xfe, 0xc2, 0x5b, 0xc2, 0xe9,
    0xc2, 0x73, 0x08, 0x0f, 0xc2, 0x59, 0x4f, 0x88, 0x43, 0x18, 0x45, 0x60, 0xc2, 0x0e, 0x19, 0xfe,
    0xc2, 0x46, 0xd2, 0xfa, 0x42, 0x1c, 0xcc, 0x2c, 0xc1, 0x0e, 0xdb, 0xb2, 0x40, 0xaf, 0x0f, 0x57,
    0x42, 0xd7, 0x62, 0x52, 0xc1, 0x54, 0xcb, 0x41, 0x42, 0x6a, 0x36, 0xa7, 0xc1, 0xc8, 0xe6, 0x38,
    0x42, 0x73, 0x8c, 0x9e, 0x41, 0xe8, 0x30, 0x12, 0x41, 0x81, 0x05, 0x8d, 0x41, 0x76, 0x8a, 0x81,
    0x41, 0xa3, 0x92, 0x2f, 0x42, 0xca, 0x88, 0x98, 0xc0, 0xac, 0x88, 0xc0, 0x41, 0xf6, 0x0f, 0x90,
    0x41, 0x90, 0x75, 0x1c, 0x42, 0xe8, 0x30, 0x12, 0x41, 0x85, 0xa5, 0xaa, 0x3f, 0x24, 0x2c, 0x4f,
    0x42, 0xb9, 0x3a, 0x2d, 0x40, 0x54, 0xcb, 0x41, 0x42, 0xdd, 0xe0, 0xf1, 0xc1, 0xaf, 0xa1, 0x77,
    0x42, 0xb8, 0x95, 0xfe, 0x41, 0x1c, 0xcc, 0x2c, 0xc1, 0xe0, 0x5f, 0xdf, 0x42, 0x39, 0x3c, 0x0a,
    0x43, 0x5b, 0xc2, 0xe9, 0xc2, 0x18, 0x45, 0x60, 0xc2, 0x3c, 0x95, 0x8b, 0x43, 0x9d, 0x7b, 0x10,
    0xc2, 0x0e, 0x19, 0xfe, 0xc2, 0xe0, 0x5f, 0xdf, 0x42, 0x20, 0xe3, 0x48, 0xc1, 0x63, 0x1b, 0x9c,
    0x41, 0xaf, 0x0f, 0x57, 0x42, 0xdd, 0xe0, 0xf1, 0xc1, 0xd2, 0xe2, 0x3f, 0x42, 0xe8, 0x08, 0x99,
    0xc0, 0xc8, 0xe6, 0x38, 0x42, 0x85, 0xa5, 0xaa, 0x3f, 0x7c, 0x40, 0xf8, 0x40, 0x05, 0xb0, 0x0e,
    0x42, 0x76, 0x8a, 0x81, 0x41, 0xac, 0x88, 0xc0, 0x41, 0x05, 0xfc, 0xc9, 0xc0, 0x2f, 0x11, 0x2f,
    0x42, 0xf6, 0x0f, 0x90, 0x41, 0x81, 0x05, 0x8d, 0x41, 0x7c, 0x40, 0xf8, 0x40, 0x1e, 0x16, 0xb4,
    0x41, 0x24, 0x2c, 0x4f, 0x42, 0x6a, 0x36, 0xa7, 0xc1, 0xd2, 0xe2, 0x3f, 0x42, 0x30, 0x43, 0xee,
    0xc0, 0xaf, 0xa1, 0x77, 0x42, 0x0e, 0xdb, 0xb2, 0x40, 0x20, 0xe3, 0x48, 0xc1, 0x20, 0xe3, 0x48,
    0xc1, 0xe0, 0x5f, 0xdf, 0x42, 0x0e, 0x19, 0xfe, 0xc2, 0x9d, 0x7b, 0x10, 0xc2, 0x3c, 0x95, 0x8b,
    0x43, 0x18, 0x45, 0x60, 0xc2, 0x5b, 0xc2, 0xe9, 0xc2, 0x39, 0x3c, 0x0a, 0x43, 0x20, 0xe3, 0x48,
    0xc1, 0x0e, 0xdb, 0xb2, 0x40, 0xaf, 0xa1, 0x77, 0x42, 0x30, 0x43, 0xee, 0xc0, 0xd2, 0xe2, 0x3f,
    0x42, 0x6a, 0x36, 0xa7, 0xc1, 0x24, 0x2c, 0x4f, 0x42, 0x1e, 0x16, 0xb4, 0x41, 0x7c, 0x40, 0xf8,
    0x40, 0x81, 0x05, 0x8d, 0x41, 0xf6, 0x0f, 0x90, 0x41, 0x2f, 0x11, 0x2f, 0x42, 0x05, 0xfc, 0xc9,
    0xc0, 0xac, 0x88, 0xc0, 0x41, 0x76, 0x8a, 0x81, 0x41, 0x05, 0xb0, 0x0e, 0x42, 0x7c, 0x40, 0xf8,
    0x40, 0x85, 0xa5, 0xaa, 0x3f, 0xc8, 0xe6, 0x38, 0x42, 0xe8, 0x08, 0x99, 0xc0, 0xd2, 0xe2, 0x3f,
    0x42, 0xdd, 0xe0, 0xf1, 0xc1, 0xaf, 0x0f, 0x57, 0x42, 0x63, 0x1b, 0x9c, 0x41, 0x0e, 0xdb, 0xb2,
    0x40, 0x1c, 0xcc, 0x2c, 0xc1, 0x46, 0xd2, 0xfa, 0x42, 0x0e, 0x19, 0xfe, 0xc2, 0x18, 0x45, 0x60,
    0xc2, 0x59, 0x4f, 0x88, 0x43, 0x73, 0x08, 0x0f, 0xc2, 0x5b, 0xc2, 0xe9, 0xc2, 0xe0, 0x5f, 0xdf,
    0x42, 0x1c, 0xcc, 0x2c, 0xc1, 0xb8, 0x95, 0xfe, 0x41, 0xaf, 0xa1, 0x77, 0x42, 0xdd, 0xe0, 0xf1,
    0xc1, 0x54, 0xcb, 0x41, 0x42, 0xb9, 0x3a, 0x2d, 0x40, 0x24, 0x2c, 0x4f, 0x42, 0x85, 0xa5, 0xaa,
    0x3f, 0xe8, 0x30, 0x12, 0x41, 0x90, 0x75, 0x1c, 0x42, 0xf6, 0x0f, 0x90, 0x41, 0xac, 0x88, 0xc0,
    0x41, 0xca, 0x88, 0x98, 0xc0, 0xa3, 0x92, 0x2f, 0x42, 0x76, 0x8a, 0x81, 0x41, 0x81, 0x05, 0x8d,
    0x41, 0xe8, 0x30, 0x12, 0x41, 0x73, 0x8c, 0x9e, 0x41, 0xc8, 0xe6, 0x38, 0x42, 0x6a, 0x36, 0xa7,
    0xc1, 0x54, 0xcb, 0x41, 0x42, 0xd7, 0x62, 0x52, 0xc1, 0xaf, 0x0f, 0x57, 0x42, 0xaf, 0xa1, 0x77,
    0x42, 0xb8, 0x95, 0xfe, 0x41, 0x1c, 0xcc, 0x2c, 0xc1, 0xe0, 0x5f, 0xdf, 0x42, 0x5b, 0xc2, 0xe9,
    0xc2, 0x73, 0x08, 0x0f, 0xc2, 0x59, 0x4f, 0x88, 0x43, 0x18, 0x45, 0x60, 0xc2, 0x0e, 0x19, 0xfe,
    0xc2, 0x46, 0xd2, 0xfa, 0x42, 0x1c, 0xcc, 0x2c, 0xc1, 0x0e, 0xdb, 0xb2, 0x40, 0xaf, 0x0f, 0x57,
    0x42, 0xd7, 0x62, 0x52, 0xc1, 0x54, 0xcb, 0x41, 0x42, 0x6a, 0x36, 0xa7, 0xc1, 0xc8, 0xe6, 0x38,
    0x42, 0x73, 0x8c, 0x9e, 0x41, 0xe8, 0x30, 0x12, 0x41, 0x81, 0x05, 0x8d, 0x41, 0x76, 0x8a, 0x81,
    0x41, 0xa3, 0x92, 0x2f, 0x42, 0xca, 0x88, 0x98, 0xc0, 0xac, 0x88, 0xc0, 0x41, 0xf6, 0x0f, 0x90,
    0x41, 0x90, 0x75, 0x1c, 0x42, 0xe8, 0x30, 0x12, 0x41, 0x85, 0xa5, 0xaa, 0x3f, 0x24, 0x2c, 0x4f,
    0x42, 0xb9, 0x3a, 0x2d, 0x40, 0x54, 0xcb, 0x41, 0x42, 0xdd, 0xe0, 0xf1, 0xc1, 0x30, 0x43, 0xee,
    0xc0, 0xaf, 0xa1, 0x77, 0x42, 0x0e, 0xdb, 0xb2, 0x40, 0x20, 0xe3, 0x48, 0xc1, 0x39, 0x3c, 0x0a,
    0x43, 0x5b, 0xc2, 0xe9, 0xc2, 0x18, 0x45, 0x60, 0xc2, 0x3c, 0x95, 0x8b, 0x43, 0x9d, 0x7b, 0x10,
    0xc2, 0x0e, 0x19, 0xfe, 0xc2, 0xe0, 0x5f, 0xdf, 0x42, 0x20, 0xe3, 0x48, 0xc1, 0x63, 0x1b, 0x9c,
    0x41, 0xaf, 0x0f, 0x57, 0x42, 0xdd, 0xe0, 0xf1, 0xc1, 0xd2, 0xe2, 0x3f, 0x42, 0xe8, 0x08, 0x99,
    0xc0, 0xc8, 0xe6, 0x38, 0x42, 0x85, 0xa5, 0xaa, 0x3f, 0x7c, 0x40, 0xf8, 0x40, 0x05, 0xb0, 0x0e,
    0x42, 0x76, 0x8a, 0x81, 0x41, 0xac, 0x88, 0xc0, 0x41, 0x05, 0xfc, 0xc9, 0xc0, 0x2f, 0x11, 0x2f,
    0x42, 0xf6, 0x0f, 0x90, 0x41, 0x81, 0x05, 0x8d, 0x41, 0x7c, 0x40, 0xf8, 0x40, 0x1e, 0x16, 0xb4,
    0x41, 0x24, 0x2c, 0x4f, 0x42, 0x6a, 0x36, 0xa7, 0xc1, 0xd2, 0xe2, 0x3f, 0x42, 0xd2, 0xe2, 0x3f,
    0x42, 0xdd, 0xe0, 0xf1, 0xc1, 0xaf, 0x0f, 0x57, 0x42, 0x63, 0x1b, 0x9c, 0x41, 0x20, 0xe3, 0x48,
    0xc1, 0xe0, 0x5f, 0xdf, 0x42, 0x0e, 0x19, 0xfe, 0xc2, 0x9d, 0x7b, 0x10, 0xc2, 0x3c, 0x95, 0x8b,
    0x43, 0x18, 0x45, 0x60, 0xc2, 0x5b, 0xc2, 0xe9, 0xc2, 0x39, 0x3c, 0x0a, 0x43, 0x20, 0xe3, 0x48,
    0xc1, 0x0e, 0xdb, 0xb2, 0x40, 0xaf, 0xa1, 0x77, 0x42, 0x30, 0x43, 0xee, 0xc0, 0xd2, 0xe2, 0x3f,
    0x42, 0x6a, 0x36, 0xa7, 0xc1, 0x24, 0x2c, 0x4f, 0x42, 0x1e, 0x16, 0xb4, 0x41, 0x7c, 0x40, 0xf8,
    0x40, 0x81, 0x05, 0x8d, 0x41, 0xf6, 0x0f, 0x90, 0x41, 0x2f, 0x11, 0x2f, 0x42, 0x05, 0xfc, 0xc9,
    0xc0, 0xac, 0x88, 0xc0, 0x41, 0x76, 0x8a, 0x81, 0x41, 0x05, 0xb0, 0x0e, 0x42, 0x7c, 0x40, 0xf8,
    0x40, 0x85, 0xa5, 0xaa, 0x3f, 0xc8, 0xe6, 0x38, 0x42, 0xe8, 0x08, 0x99, 0xc0, 0x6a, 0x36, 0xa7,
    0xc1, 0x54, 0xcb, 0x41, 0x42, 0xd7, 0x62, 0x52, 0xc1, 0xaf, 0x0f, 0x57, 0x42, 0x0e, 0xdb, 0xb2,
    0x40, 0x1c, 0xcc, 0x2c, 0xc1, 0x46, 0xd2, 0xfa, 0x42, 0x0e, 0x19, 0xfe, 0xc2, 0x18, 0x45, 0x60,
    0xc2, 0x59, 0x4f, 0x88, 0x43, 0x73, 0x08, 0x0f, 0xc2, 0x5b, 0xc2, 0xe9, 0xc2, 0xe0, 0x5f, 0xdf,
    0x42, 0x1c, 0xcc, 0x2c, 0xc1, 0xb8, 0x95, 0xfe, 0x41, 0xaf, 0xa1, 0x77, 0x42, 0xdd, 0xe0, 0xf1,
    0xc1, 0x54, 0xcb, 0x41, 0x42, 0xb9, 0x3a, 0x2d, 0x40, 0x24, 0x2c, 0x4f, 0x42, 0x85, 0xa5, 0xaa,
    0x3f, 0xe8, 0x30, 0x12, 0x41, 0x90, 0x75, 0x1c, 0x42, 0xf6, 0x0f, 0x90, 0x41, 0xac, 0x88, 0xc0,
    0x41, 0xca, 0x88, 0x98, 0xc0, 0xa3, 0x92, 0x2f, 0x42, 0x76, 0x8a, 0x81, 0x41, 0x81, 0x05, 0x8d,
    0x41, 0xe8, 0x30, 0x12, 0x41, 0x73, 0x8c, 0x9e, 0x41, 0xc8, 0xe6, 0x38, 0x42, 0x24, 0x2c, 0x4f,
    0x42, 0xb9, 0x3a, 0x2d, 0x40, 0x54, 0xcb, 0x41, 0x42, 0xdd, 0xe0, 0xf1, 0xc1, 0xaf, 0xa1, 0x77,
    0x42, 0xb8, 0x95, 0xfe, 0x41, 0x1c, 0xcc, 0x2c, 0xc1, 0xe0, 0x5f, 0xdf, 0x42, 0x5b, 0xc2, 0xe9,
    0xc2, 0x73, 0x08, 0x0f, 0xc2, 0x59, 0x4f, 0x88, 0x43, 0x18, 0x45, 0x60, 0xc2, 0x0e, 0x19, 0xfe,
    0xc2, 0x46, 0xd2, 0xfa, 0x42, 0x1c, 0xcc, 0x2c, 0xc1, 0x0e, 0xdb, 0xb2, 0x40, 0xaf, 0x0f, 0x57,
    0x42, 0xd7, 0x62, 0x52, 0xc1, 0x54, 0xcb, 0x41, 0x42, 0x6a, 0x36, 0xa7, 0xc1, 0xc8, 0xe6, 0x38,
    0x42, 0x73, 0x8c, 0x9e, 0x41, 0xe8, 0x30, 0x12, 0x41, 0x81, 0x05, 0x8d, 0x41, 0x76, 0x8a, 0x81,
    0x41, 0xa3, 0x92, 0x2f, 0x42, 0xca, 0x88, 0x98, 0xc0, 0xac, 0x88, 0xc0, 0x41, 0xf6, 0x0f, 0x90,
    0x41, 0x90, 0x75, 0x1c, 0x42, 0xe8, 0x30, 0x12, 0x41, 0x85, 0xa5, 0xaa, 0x3f, 0x1e, 0x16, 0xb4,
    0x41, 0x24, 0x2c, 0x4f, 0x42, 0x6a, 0x36, 0xa7, 0xc1, 0xd2, 0xe2, 0x3f, 0x42, 0x30, 0x43, 0xee,
    0xc0, 0xaf, 0xa1, 0x77, 0x42, 0x0e, 0xdb, 0xb2, 0x40, 0x20, 0xe3, 0x48, 0xc1, 0x39, 0x3c, 0x0a,
    0x43, 0x5b, 0xc2, 0xe9, 0xc2, 0x18, 0x45, 0x60, 0xc2, 0x3c, 0x95, 0x8b, 0x43, 0x9d, 0x7b, 0x10,
    0xc2, 0x0e, 0x19, 0xfe, 0xc2, 0xe0, 0x5f, 0xdf, 0x42, 0x20, 0xe3, 0x48, 0xc1, 0x63, 0x1b, 0x9c,
    0x41, 0xaf, 0x0f, 0x57, 0x42, 0xdd, 0xe0, 0xf1, 0xc1, 0xd2, 0xe2, 0x3f, 0x42, 0xe8, 0x08, 0x99,
    0xc0, 0xc8, 0xe6, 0x38, 0x42, 0x85, 0xa5, 0xaa, 0x3f, 0x7c, 0x40, 0xf8, 0x40, 0x05, 0xb0, 0x0e,
    0x42, 0x76, 0x8a, 0x81, 0x41, 0xac, 0x88, 0xc0, 0x41, 0x05, 0xfc, 0xc9, 0xc0, 0x2f, 0x11, 0x2f,
    0x42, 0xf6, 0x0f, 0x90, 0x41, 0x81, 0x05, 0x8d, 0x41, 0x7c, 0x40, 0xf8, 0x40, 0x7c, 0x40, 0xf8,
    0x40, 0x85, 0xa5, 0xaa, 0x3f, 0xc8, 0xe6, 0x38, 0x42, 0xe8, 0x08, 0x99, 0xc0, 0xd2, 0xe2, 0x3f,
    0x42, 0xdd, 0xe0, 0xf1, 0xc1, 0xaf, 0x0f, 0x57, 0x42, 0x63, 0x1b, 0x9c, 0x41, 0x20, 0xe3, 0x48,
    0xc1, 0xe0, 0x5f, 0xdf, 0x42, 0x0e, 0x19, 0xfe, 0xc2, 0x9d, 0x7b, 0x10, 0xc2, 0x3c, 0x95, 0x8b,
    0x43, 0x18, 0x45, 0x60, 0xc2, 0x5b, 0xc2, 0xe9, 0xc2, 0x39, 0x3c, 0x0a, 0x43, 0x20, 0xe3, 0x48,
    0xc1, 0x0e, 0xdb, 0xb2, 0x40, 0xaf, 0xa1, 0x77, 0x42, 0x30, 0x43, 0xee, 0xc0, 0xd2, 0xe2, 0x3f,
    0x42, 0x6a, 0x36, 0xa7, 0xc1, 0x24, 0x2c, 0x4f, 0x42, 0x1e, 0x16, 0xb4, 0x41, 0x7c, 0x40, 0xf8,
    0x40, 0x81, 0x05, 0x8d, 0x41, 0xf6, 0x0f, 0x90, 0x41, 0x2f, 0x11, 0x2f, 0x42, 0x05, 0xfc, 0xc9,
    0xc0, 0xac, 0x88, 0xc0, 0x41, 0x76, 0x8a, 0x81, 0x41, 0x05, 0xb0, 0x0e, 0x42, 0x81, 0x05, 0x8d,
    0x41, 0xe8, 0x30, 0x12, 0x41, 0x73, 0x8c, 0x9e, 0x41, 0xc8, 0xe6, 0x38, 0x42, 0x6a, 0x36, 0xa7,
    0xc1, 0x54, 0xcb, 0x41, 0x42, 0xd7, 0x62, 0x52, 0xc1, 0xaf, 0x0f, 0x57, 0x42, 0x0e, 0xdb, 0xb2,
    0x40, 0x1c, 0xcc, 0x2c, 0xc1, 0x46, 0xd2, 0xfa, 0x42, 0x0e, 0x19, 0xfe, 0xc2, 0x18, 0x45, 0x60,
    0xc2, 0x59, 0x4f, 0x88, 0x43, 0x73, 0x08, 0x0f, 0xc2, 0x5b, 0xc2, 0xe9, 0xc2, 0xe0, 0x5f, 0xdf,
    0x42, 0x1c, 0xcc, 0x2c, 0xc1, 0xb8, 0x95, 0xfe, 0x41, 0xaf, 0xa1, 0x77, 0x42, 0xdd, 0xe0, 0xf1,
    0xc1, 0x54, 0xcb, 0x41, 0x42, 0xb9, 0x3a, 0x2d, 0x40, 0x24, 0x2c, 0x4f, 0x42, 0x85, 0xa5, 0xaa,
    0x3f, 0xe8, 0x30, 0x12, 0x41, 0x90, 0x75, 0x1c, 0x42, 0xf6, 0x0f, 0x90, 0x41, 0xac, 0x88, 0xc0,
    0x41, 0xca, 0x88, 0x98, 0xc0, 0xa3, 0x92, 0x2f, 0x42, 0x76, 0x8a, 0x81, 0x41, 0xf6, 0x0f, 0x90,
    0x41, 0x90, 0x75, 0x1c, 0x42, 0xe8, 0x30, 0x12, 0x41, 0x85, 0xa5, 0xaa, 0x3f, 0x24, 0x2c, 0x4f,
    0x42, 0xb9, 0x3a, 0x2d, 0x40, 0x54, 0xcb, 0x41, 0x42, 0xdd, 0xe0, 0xf1, 0xc1, 0xaf, 0xa1, 0x77,
    0x42, 0xb8, 0x95, 0xfe, 0x41, 0x1c, 0xcc, 0x2c, 0xc1, 0xe0, 0x5f, 0xdf, 0x42, 0x5b, 0xc2, 0xe9,
    0xc2, 0x73, 0x08, 0x0f, 0xc2, 0x59, 0x4f, 0x88, 0x43, 0x18, 0x45, 0x60, 0xc2, 0x0e, 0x19, 0xfe,
    0xc2, 0x46, 0xd2, 0xfa, 0x42, 0x1c, 0xcc, 0x2c, 0xc1, 0x0e, 0xdb, 0xb2, 0x40, 0xaf, 0x0f, 0x57,
    0x42, 0xd7, 0x62, 0x52, 0xc1, 0x54, 0xcb, 0x41, 0x42, 0x6a, 0x36, 0xa7, 0xc1, 0xc8, 0xe6, 0x38,
    0x42, 0x73, 0x8c, 0x9e, 0x41, 0xe8, 0x30, 0x12, 0x41, 0x81, 0x05, 0x8d, 0x41, 0x76, 0x8a, 0x81,
    0x41, 0xa3, 0x92, 0x2f, 0x42, 0xca, 0x88, 0x98, 0xc0, 0xac, 0x88, 0xc0, 0x41, 0x2f, 0x11, 0x2f,
    0x42, 0xf6, 0x0f, 0x90, 0x41, 0x81, 0x05, 0x8d, 0x41, 0x7c, 0x40, 0xf8, 0x40, 0x1e, 0x16, 0xb4,
    0x41, 0x24, 0x2c, 0x4f, 0x42, 0x6a, 0x36, 0xa7, 0xc1, 0xd2, 0xe2, 0x3f, 0x42, 0x30, 0x43, 0xee,
    0xc0, 0xaf, 0xa1, 0x77, 0x42, 0x0e, 0xdb, 0xb2, 0x40, 0x20, 0xe3, 0x48, 0xc1, 0x39, 0x3c, 0x0a,
    0x43, 0x5b, 0xc2, 0xe9, 0xc2, 0x18, 0x45, 0x60, 0xc2, 0x3c, 0x95, 0x8b, 0x43, 0x9d, 0x7b, 0x10,
    0xc2, 0x0e, 0x19, 0xfe, 0xc2, 0xe0, 0x5f, 0xdf, 0x42, 0x20, 0xe3, 0x48, 0xc1, 0x63, 0x1b, 0x9c,
    0x41, 0xaf, 0x0f, 0x57, 0x42, 0xdd, 0xe0, 0xf1, 0xc1, 0xd2, 0xe2, 0x3f, 0x42, 0xe8, 0x08, 0x99,
    0xc0, 0xc8, 0xe6, 0x38, 0x42, 0x85, 0xa5, 0xaa, 0x3f, 0x7c, 0x40, 0xf8, 0x40, 0x05, 0xb0, 0x0e,
    0x42, 0x76, 0x8a, 0x81, 0x41, 0xac, 0x88, 0xc0, 0x41, 0x05, 0xfc, 0xc9, 0xc0, 0x05, 0xfc, 0xc9,
    0xc0, 0xac, 0x88, 0xc0, 0x41, 0x76, 0x8a, 0x81, 0x41, 0x05, 0xb0, 0x0e, 0x42, 0x7c, 0x40, 0xf8,
    0x40, 0x85, 0xa5, 0xaa, 0x3f, 0xc8, 0xe6, 0x38, 0x42, 0xe8, 0x08, 0x99, 0xc0, 0xd2, 0xe2, 0x3f,
    0x42, 0xdd, 0xe0, 0xf1, 0xc1, 0xaf, 0x0f, 0x57, 0x42, 0x63, 0x1b, 0x9c, 0x41, 0x20, 0xe3, 0x48,
    0xc1, 0xe0, 0x5f, 0xdf, 0x42, 0x0e, 0x19, 0xfe, 0xc2, 0x9d, 0x7b, 0x10, 0xc2, 0x3c, 0x95, 0x8b,
    0x43, 0x18, 0x45, 0x60, 0xc2, 0x5b, 0xc2, 0xe9, 0xc2, 0x39, 0x3c, 0x0a, 0x43, 0x20, 0xe3, 0x48,
    0xc1, 0x0e, 0xdb, 0xb2, 0x40, 0xaf, 0xa1, 0x77, 0x42, 0x30, 0x43, 0xee, 0xc0, 0xd2, 0xe2, 0x3f,
    0x42, 0x6a, 0x36, 0xa7, 0xc1, 0x24, 0x2c, 0x4f, 0x42, 0x1e, 0x16, 0xb4, 0x41, 0x7c, 0x40, 0xf8,
    0x40, 0x81, 0x05, 0x8d, 0x41, 0xf6, 0x0f, 0x90, 0x41, 0x2f, 0x11, 0x2f, 0x42, 0xac, 0x88, 0xc0,
    0x41, 0xca, 0x88, 0x98, 0xc0, 0xa3, 0x92, 0x2f, 0x42, 0x76, 0x8a, 0x81, 0x41, 0x81, 0x05, 0x8d,
    0x41, 0xe8, 0x30, 0x12, 0x41, 0x73, 0x8c, 0x9e, 0x41, 0xc8, 0xe6, 0x38, 0x42, 0x6a, 0x36, 0xa7,
    0xc1, 0x54, 0xcb, 0x41, 0x42, 0xd7, 0x62, 0x52, 0xc1, 0xaf, 0x0f, 0x57, 0x42, 0x0e, 0xdb, 0xb2,
    0x40, 0x1c, 0xcc, 0x2c, 0xc1, 0x46, 0xd2, 0xfa, 0x42, 0x0e, 0x19, 0xfe, 0xc2, 0x18, 0x45, 0x60,
    0xc2, 0x59, 0x4f, 0x88, 0x43, 0x73, 0x08, 0x0f, 0xc2, 0x5b, 0xc2, 0xe9, 0xc2, 0xe0, 0x5f, 0xdf,
    0x42, 0x1c, 0xcc, 0x2c, 0xc1, 0xb8, 0x95, 0xfe, 0x41, 0xaf, 0xa1, 0x77, 0x42, 0xdd, 0xe0, 0xf1,
    0xc1, 0x54, 0xcb, 0x41, 0x42, 0xb9, 0x3a, 0x2d, 0x40, 0x24, 0x2c, 0x4f, 0x42, 0x85, 0xa5, 0xaa,
    0x3f, 0xe8, 0x30, 0x12, 0x41, 0x90, 0x75, 0x1c, 0x42, 0xf6, 0x0f, 0x90, 0x41, 0x76, 0x8a, 0x81,
    0x41, 0xa3, 0x92, 0x2f, 0x42, 0xca, 0x88, 0x98, 0xc0, 0xac, 0x88, 0xc0, 0x41, 0xf6, 0x0f, 0x90,
    0x41, 0x90, 0x75, 0x1c, 0x42, 0xe8, 0x30, 0x12, 0x41, 0x85, 0xa5, 0xaa, 0x3f, 0x24, 0x2c, 0x4f,
    0x42, 0xb9, 0x3a, 0x2d, 0x40, 0x54, 0xcb, 0x41, 0x42, 0xdd, 0xe0, 0xf1, 0xc1, 0xaf, 0xa1, 0x77,
    0x42, 0xb8, 0x95, 0xfe, 0x41, 0x1c, 0xcc, 0x2c, 0xc1, 0xe0, 0x5f, 0xdf, 0x42, 0x5b, 0xc2, 0xe9,
    0xc2, 0x73, 0x08, 0x0f, 0xc2, 0x59, 0x4f, 0x88, 0x43, 0x18, 0x45, 0x60, 0xc2, 0x0e, 0x19, 0xfe,
    0xc2, 0x46, 0xd2, 0xfa, 0x42, 0x1c, 0xcc, 0x2c, 0xc1, 0x0e, 0xdb, 0xb2, 0x40, 0xaf, 0x0f, 0x57,
    0x42, 0xd7, 0x62, 0x52, 0xc1, 0x54, 0xcb, 0x41, 0x42, 0x6a, 0x36, 0xa7, 0xc1, 0xc8, 0xe6, 0x38,
    0x42, 0x73, 0x8c, 0x9e, 0x41, 0xe8, 0x30, 0x12, 0x41, 0x81, 0x05, 0x8d, 0x41, 0x05, 0xb0, 0x0e,
    0x42, 0x76, 0x8a, 0x81, 0x41, 0xac, 0x88, 0xc0, 0x41, 0x05, 0xfc, 0xc9, 0xc0, 0x2f, 0x11, 0x2f,
    0x42, 0xf6, 0x0f, 0x90, 0x41, 0x81, 0x05, 0x8d, 0x41, 0x7c, 0x40, 0xf8, 0x40, 0x1e, 0x16, 0xb4,
    0x41, 0x24, 0x2c, 0x4f, 0x42, 0x6a, 0x36, 0xa7, 0xc1, 0xd2, 0xe2, 0x3f, 0x42, 0x30, 0x43, 0xee,
    0xc0, 0xaf, 0xa1, 0x77, 0x42, 0x0e, 0xdb, 0xb2, 0x40, 0x20, 0xe3, 0x48, 0xc1, 0x39, 0x3c, 0x0a,
    0x43, 0x5b, 0xc2, 0xe9, 0xc2, 0x18, 0x45, 0x60, 0xc2, 0x3c, 0x95, 0x8b, 0x43, 0x9d, 0x7b, 0x10,
    0xc2, 0x0e, 0x19, 0xfe, 0xc2, 0xe0, 0x5f, 0xdf, 0x42, 0x20, 0xe3, 0x48, 0xc1, 0x63, 0x1b, 0x9c,
    0x41, 0xaf, 0x0f, 0x57, 0x42, 0xdd, 0xe0, 0xf1, 0xc1, 0xd2, 0xe2, 0x3f, 0x42, 0xe8, 0x08, 0x99,
    0xc0, 0xc8, 0xe6, 0x38, 0x42, 0x85, 0xa5, 0xaa, 0x3f, 0x7c, 0x40, 0xf8, 0x40, 0x7c, 0x40, 0xf8,
    0x40, 0x81, 0x05, 0x8d, 0x41, 0xf6, 0x0f, 0x90, 0x41, 0x2f, 0x11, 0x2f, 0x42, 0x05, 0xfc, 0xc9,
    0xc0, 0xac, 0x88, 0xc0, 0x41, 0x76, 0x8a, 0x81, 0x41, 0x05, 0xb0, 0x0e, 0x42, 0x7c, 0x40, 0xf8,
    0x40, 0x85, 0xa5, 0xaa, 0x3f, 0xc8, 0xe6, 0x38, 0x42, 0xe8, 0x08, 0x99, 0xc0, 0xd2, 0xe2, 0x3f,
    0x42, 0xdd, 0xe0, 0xf1, 0xc1, 0xaf, 0x0f, 0x57, 0x42, 0x63, 0x1b, 0x9c, 0x41, 0x20, 0xe3, 0x48,
    0xc1, 0xe0, 0x5f, 0xdf, 0x42, 0x0e, 0x19, 0xfe, 0xc2, 0x9d, 0x7b, 0x10, 0xc2, 0x3c, 0x95, 0x8b,
    0x43, 0x18, 0x45, 0x60, 0xc2, 0x5b, 0xc2, 0xe9, 0xc2, 0x39, 0x3c, 0x0a, 0x43, 0x20, 0xe3, 0x48,
    0xc1, 0x0e, 0xdb, 0xb2, 0x40, 0xaf, 0xa1, 0x77, 0x42, 0x30, 0x43, 0xee, 0xc0, 0xd2, 0xe2, 0x3f,
    0x42, 0x6a, 0x36, 0xa7, 0xc1, 0x24, 0x2c, 0x4f, 0x42, 0x1e, 0x16, 0xb4, 0x41, 0x85, 0xa5, 0xaa,
    0x3f, 0xe8, 0x30, 0x12, 0x41, 0x90, 0x75, 0x1c, 0x42, 0xf6, 0x0f, 0x90, 0x41, 0xac, 0x88, 0xc0,
    0x41, 0xca, 0x88, 0x98, 0xc0, 0xa3, 0x92, 0x2f, 0x42, 0x76, 0x8a, 0x81, 0x41, 0x81, 0x05, 0x8d,
    0x41, 0xe8, 0x30, 0x12, 0x41, 0x73, 0x8c, 0x9e, 0x41, 0xc8, 0xe6, 0x38, 0x42, 0x6a, 0x36, 0xa7,
    0xc1, 0x54, 0xcb, 0x41, 0x42, 0xd7, 0x62, 0x52, 0xc1, 0xaf, 0x0f, 0x57, 0x42, 0x0e, 0xdb, 0xb2,
    0x40, 0x1c, 0xcc, 0x2c, 0xc1, 0x46, 0xd2, 0xfa, 0x42, 0x0e, 0x19, 0xfe, 0xc2, 0x18, 0x45, 0x60,
    0xc2, 0x59, 0x4f, 0x88, 0x43, 0x73, 0x08, 0x0f, 0xc2, 0x5b, 0xc2, 0xe9, 0xc2, 0xe0, 0x5f, 0xdf,
    0x42, 0x1c, 0xcc, 0x2c, 0xc1, 0xb8, 0x95, 0xfe, 0x41, 0xaf, 0xa1, 0x77, 0x42, 0xdd, 0xe0, 0xf1,
    0xc1, 0x54, 0xcb, 0x41, 0x42, 0xb9, 0x3a, 0x2d, 0x40, 0x24, 0x2c, 0x4f, 0x42, 0xc8, 0xe6, 0x38,
    0x42, 0x73, 0x8c, 0x9e, 0x41, 0xe8, 0x30, 0x12, 0x41, 0x81, 0x05, 0x8d, 0x41, 0x76, 0x8a, 0x81,
    0x41, 0xa3, 0x92, 0x2f, 0x42, 0xca, 0x88, 0x98, 0xc0, 0xac, 0x88, 0xc0, 0x41, 0xf6, 0x0f, 0x90,
    0x41, 0x90, 0x75, 0x1c, 0x42, 0xe8, 0x30, 0x12, 0x41, 0x85, 0xa5, 0xaa, 0x3f, 0x24, 0x2c, 0x4f,
    0x42, 0xb9, 0x3a, 0x2d, 0x40, 0x54, 0xcb, 0x41, 0x42, 0xdd, 0xe0, 0xf1, 0xc1, 0xaf, 0xa1, 0x77,
    0x42, 0xb8, 0x95, 0xfe, 0x41, 0x1c, 0xcc, 0x2c, 0xc1, 0xe0, 0x5f, 0xdf, 0x42, 0x5b, 0xc2, 0xe9,
    0xc2, 0x73, 0x08, 0x0f, 0xc2, 0x59, 0x4f, 0x88, 0x43, 0x18, 0x45, 0x60, 0xc2, 0x0e, 0x19, 0xfe,
    0xc2, 0x46, 0xd2, 0xfa, 0x42, 0x1c, 0xcc, 0x2c, 0xc1, 0x0e, 0xdb, 0xb2, 0x40, 0xaf, 0x0f, 0x57,
    0x42, 0xd7, 0x62, 0x52, 0xc1, 0x54, 0xcb, 0x41, 0x42, 0x6a, 0x36, 0xa7, 0xc1, 0xe8, 0x08, 0x99,
    0xc0, 0xc8, 0xe6, 0x38, 0x42, 0x85, 0xa5, 0xaa, 0x3f, 0x7c, 0x40, 0xf8, 0x40, 0x05, 0xb0, 0x0e,
    0x42, 0x76, 0x8a, 0x81, 0x41, 0xac, 0x88, 0xc0, 0x41, 0x05, 0xfc, 0xc9, 0xc0, 0x2f, 0x11, 0x2f,
    0x42, 0xf6, 0x0f, 0x90, 0x41, 0x81, 0x05, 0x8d, 0x41, 0x7c, 0x40, 0xf8, 0x40, 0x1e, 0x16, 0xb4,
    0x41, 0x24, 0x2c, 0x4f, 0x42, 0x6a, 0x36, 0xa7, 0xc1, 0xd2, 0xe2, 0x3f, 0x42, 0x30, 0x43, 0xee,
    0xc0, 0xaf, 0xa1, 0x77, 0x42, 0x0e, 0xdb, 0xb2, 0x40, 0x20, 0xe3, 0x48, 0xc1, 0x39, 0x3c, 0x0a,
    0x43, 0x5b, 0xc2, 0xe9, 0xc2, 0x18, 0x45, 0x60, 0xc2, 0x3c, 0x95, 0x8b, 0x43, 0x9d, 0x7b, 0x10,
    0xc2, 0x0e, 0x19, 0xfe, 0xc2, 0xe0, 0x5f, 0xdf, 0x42, 0x20, 0xe3, 0x48, 0xc1, 0x63, 0x1b, 0x9c,
    0x41, 0xaf, 0x0f, 0x57, 0x42, 0xdd, 0xe0, 0xf1, 0xc1, 0xd2, 0xe2, 0x3f, 0x42, 0xd2, 0xe2, 0x3f,
    0x42, 0x6a, 0x36, 0xa7, 0xc1, 0x24, 0x2c, 0x4f, 0x42, 0x1e, 0x16, 0xb4, 0x41, 0x7c, 0x40, 0xf8,
    0x40, 0x81, 0x05, 0x8d, 0x41, 0xf6, 0x0f, 0x90, 0x41, 0x2f, 0x11, 0x2f, 0x42, 0x05, 0xfc, 0xc9,
    0xc0, 0xac, 0x88, 0xc0, 0x41, 0x76, 0x8a, 0x81, 0x41, 0x05, 0xb0, 0x0e, 0x42, 0x7c, 0x40, 0xf8,
    0x40, 0x85, 0xa5, 0xaa, 0x3f, 0xc8, 0xe6, 0x38, 0x42, 0xe8, 0x08, 0x99, 0xc0, 0xd2, 0xe2, 0x3f,
    0x42, 0xdd, 0xe0, 0xf1, 0xc1, 0xaf, 0x0f, 0x57, 0x42, 0x63, 0x1b, 0x9c, 0x41, 0x20, 0xe3, 0x48,
    0xc1, 0xe0, 0x5f, 0xdf, 0x42, 0x0e, 0x19, 0xfe, 0xc2, 0x9d, 0x7b, 0x10, 0xc2, 0x3c, 0x95, 0x8b,
    0x43, 0x18, 0x45, 0x60, 0xc2, 0x5b, 0xc2, 0xe9, 0xc2, 0x39, 0x3c, 0x0a, 0x43, 0x20, 0xe3, 0x48,
    0xc1, 0x0e, 0xdb, 0xb2, 0x40, 0xaf, 0xa1, 0x77, 0x42, 0x30, 0x43, 0xee, 0xc0, 0xdd, 0xe0, 0xf1,
    0xc1, 0x54, 0xcb, 0x41, 0x42, 0xb9, 0x3a, 0x2d, 0x40, 0x24, 0x2c, 0x4f, 0x42, 0x85, 0xa5, 0xaa,
    0x3f, 0xe8, 0x30, 0x12, 0x41, 0x90, 0x75, 0x1c, 0x42, 0xf6, 0x0f, 0x90, 0x41, 0xac, 0x88, 0xc0,
    0x41, 0xca, 0x88, 0x98, 0xc0, 0xa3, 0x92, 0x2f, 0x42, 0x76, 0x8a, 0x81, 0x41, 0x81, 0x05, 0x8d,
    0x41, 0xe8, 0x30, 0x12, 0x41, 0x73, 0x8c, 0x9e, 0x41, 0xc8, 0xe6, 0x38, 0x42, 0x6a, 0x36, 0xa7,
    0xc1, 0x54, 0xcb, 0x41, 0x42, 0xd7, 0x62, 0x52, 0xc1, 0xaf, 0x0f, 0x57, 0x42, 0x0e, 0xdb, 0xb2,
    0x40, 0x1c, 0xcc, 0x2c, 0xc1, 0x46, 0xd2, 0xfa, 0x42, 0x0e, 0x19, 0xfe, 0xc2, 0x18, 0x45, 0x60,
    0xc2, 0x59, 0x4f, 0x88, 0x43, 0x73, 0x08, 0x0f, 0xc2, 0x5b, 0xc2, 0xe9, 0xc2, 0xe0, 0x5f, 0xdf,
    0x42, 0x1c, 0xcc, 0x2c, 0xc1, 0xb8, 0x95, 0xfe, 0x41, 0xaf, 0xa1, 0x77, 0x42, 0xaf, 0x0f, 0x57,
    0x42, 0xd7, 0x62, 0x52, 0xc1, 0x54, 0xcb, 0x41, 0x42, 0x6a, 0x36, 0xa7, 0xc1, 0xc8, 0xe6, 0x38,
    0x42, 0x73, 0x8c, 0x9e, 0x41, 0xe8, 0x30, 0x12, 0x41, 0x81, 0x05, 0x8d, 0x41, 0x76, 0x8a, 0x81,
    0x41, 0xa3, 0x92, 0x2f, 0x42, 0xca, 0x88, 0x98, 0xc0, 0xac, 0x88, 0xc0, 0x41, 0xf6, 0x0f, 0x90,
    0x41, 0x90, 0x75, 0x1c, 0x42, 0xe8, 0x30, 0x12, 0x41, 0x85, 0xa5, 0xaa, 0x3f, 0x24, 0x2c, 0x4f,
    0x42, 0xb9, 0x3a, 0x2d, 0x40, 0x54, 0xcb, 0x41, 0x42, 0xdd, 0xe0, 0xf1, 0xc1, 0xaf, 0xa1, 0x77,
    0x42, 0xb8, 0x95, 0xfe, 0x41, 0x1c, 0xcc, 0x2c, 0xc1, 0xe0, 0x5f, 0xdf, 0x42, 0x5b, 0xc2, 0xe9,
    0xc2, 0x73, 0x08, 0x0f, 0xc2, 0x59, 0x4f, 0x88, 0x43, 0x18, 0x45, 0x60, 0xc2, 0x0e, 0x19, 0xfe,
    0xc2, 0x46, 0xd2, 0xfa, 0x42, 0x1c, 0xcc, 0x2c, 0xc1, 0x0e, 0xdb, 0xb2, 0x40, 0x63, 0x1b, 0x9c,
    0x41, 0xaf, 0x0f, 0x57, 0x42, 0xdd, 0xe0, 0xf1, 0xc1, 0xd2, 0xe2, 0x3f, 0x42, 0xe8, 0x08, 0x99,
    0xc0, 0xc8, 0xe6, 0x38, 0x42, 0x85, 0xa5, 0xaa, 0x3f, 0x7c, 0x40, 0xf8, 0x40, 0x05, 0xb0, 0x0e,
    0x42, 0x76, 0x8a, 0x81, 0x41, 0xac, 0x88, 0xc0, 0x41, 0x05, 0xfc, 0xc9, 0xc0, 0x2f, 0x11, 0x2f,
    0x42, 0xf6, 0x0f, 0x90, 0x41, 0x81, 0x05, 0x8d, 0x41, 0x7c, 0x40, 0xf8, 0x40, 0x1e, 0x16, 0xb4,
    0x41, 0x24, 0x2c, 0x4f, 0x42, 0x6a, 0x36, 0xa7, 0xc1, 0xd2, 0xe2, 0x3f, 0x42, 0x30, 0x43, 0xee,
    0xc0, 0xaf, 0xa1, 0x77, 0x42, 0x0e, 0xdb, 0xb2, 0x40, 0x20, 0xe3, 0x48, 0xc1, 0x39, 0x3c, 0x0a,
    0x43, 0x5b, 0xc2, 0xe9, 0xc2, 0x18, 0x45, 0x60, 0xc2, 0x3c, 0x95, 0x8b, 0x43, 0x9d, 0x7b, 0x10,
    0xc2, 0x0e, 0x19, 0xfe, 0xc2, 0xe0, 0x5f, 0xdf, 0x42, 0x20, 0xe3, 0x48, 0xc1, 0x20, 0xe3, 0x48,
    0xc1, 0x0e, 0xdb, 0xb2, 0x40, 0xaf, 0xa1, 0x77, 0x42, 0x30, 0x43, 0xee, 0xc0, 0xd2, 0xe2, 0x3f,
    0x42, 0x6a, 0x36, 0xa7, 0xc1, 0x24, 0x2c, 0x4f, 0x42, 0x1e, 0x16, 0xb4, 0x41, 0x7c, 0x40, 0xf8,
    0x40, 0x81, 0x05, 0x8d, 0x41, 0xf6, 0x0f, 0x90, 0x41, 0x2f, 0x11, 0x2f, 0x42, 0x05, 0xfc, 0xc9,
    0xc0, 0xac, 0x88, 0xc0, 0x41, 0x76, 0x8a, 0x81, 0x41, 0x05, 0xb0, 0x0e, 0x42, 0x7c, 0x40, 0xf8,
    0x40, 0x85, 0xa5, 0xaa, 0x3f, 0xc8, 0xe6, 0x38, 0x42, 0xe8, 0x08, 0x99, 0xc0, 0xd2, 0xe2, 0x3f,
    0x42, 0xdd, 0xe0, 0xf1, 0xc1, 0xaf, 0x0f, 0x57, 0x42, 0x63, 0x1b, 0x9c, 0x41, 0x20, 0xe3, 0x48,
    0xc1, 0xe0, 0x5f, 0xdf, 0x42, 0x0e, 0x19, 0xfe, 0xc2, 0x9d, 0x7b, 0x10, 0xc2, 0x3c, 0x95, 0x8b,
    0x43, 0x18, 0x45, 0x60, 0xc2, 0x5b, 0xc2, 0xe9, 0xc2, 0x39, 0x3c, 0x0a, 0x43, 0xe0, 0x5f, 0xdf,
    0x42, 0x1c, 0xcc, 0x2c, 0xc1, 0xb8, 0x95, 0xfe, 0x41, 0xaf, 0xa1, 0x77, 0x42, 0xdd, 0xe0, 0xf1,
    0xc1, 0x54, 0xcb, 0x41, 0x42, 0xb9, 0x3a, 0x2d, 0x40, 0x24, 0x2c, 0x4f, 0x42, 0x85, 0xa5, 0xaa,
    0x3f, 0xe8, 0x30, 0x12, 0x41, 0x90, 0x75, 0x1c, 0x42, 0xf6, 0x0f, 0x90, 0x41, 0xac, 0x88, 0xc0,
    0x41, 0xca, 0x88, 0x98, 0xc0, 0xa3, 0x92, 0x2f, 0x42, 0x76, 0x8a, 0x81, 0x41, 0x81, 0x05, 0x8d,
    0x41, 0xe8, 0x30, 0x12, 0x41, 0x73, 0x8c, 0x9e, 0x41, 0xc8, 0xe6, 0x38, 0x42, 0x6a, 0x36, 0xa7,
    0xc1, 0x54, 0xcb, 0x41, 0x42, 0xd7, 0x62, 0x52, 0xc1, 0xaf, 0x0f, 0x57, 0x42, 0x0e, 0xdb, 0xb2,
    0x40, 0x1c, 0xcc, 0x2c, 0xc1, 0x46, 0xd2, 0xfa, 0x42, 0x0e, 0x19, 0xfe, 0xc2, 0x18, 0x45, 0x60,
    0xc2, 0x59, 0x4f, 0x88, 0x43, 0x73, 0x08, 0x0f, 0xc2, 0x5b, 0xc2, 0xe9, 0xc2, 0x0e, 0x19, 0xfe,
    0xc2, 0x46, 0xd2, 0xfa, 0x42, 0x1c, 0xcc, 0x2c, 0xc1, 0x0e, 0xdb, 0xb2, 0x40, 0xaf, 0x0f, 0x57,
    0x42, 0xd7, 0x62, 0x52, 0xc1, 0x54, 0xcb, 0x41, 0x42, 0x6a, 0x36, 0xa7, 0xc1, 0xc8, 0xe6, 0x38,
    0x42, 0x73, 0x8c, 0x9e, 0x41, 0xe8, 0x30, 0x12, 0x41, 0x81, 0x05, 0x8d, 0x41, 0x76, 0x8a, 0x81,
    0x41, 0xa3, 0x92, 0x2f, 0x42, 0xca, 0x88, 0x98, 0xc0, 0xac, 0x88, 0xc0, 0x41, 0xf6, 0x0f, 0x90,
    0x41, 0x90, 0x75, 0x1c, 0x42, 0xe8, 0x30, 0x12, 0x41, 0x85, 0xa5, 0xaa, 0x3f, 0x24, 0x2c, 0x4f,
    0x42, 0xb9, 0x3a, 0x2d, 0x40, 0x54, 0xcb, 0x41, 0x42, 0xdd, 0xe0, 0xf1, 0xc1, 0xaf, 0xa1, 0x77,
    0x42, 0xb8, 0x95, 0xfe, 0x41, 0x1c, 0xcc, 0x2c, 0xc1, 0xe0, 0x5f, 0xdf, 0x42, 0x5b, 0xc2, 0xe9,
    0xc2, 0x73, 0x08, 0x0f, 0xc2, 0x59, 0x4f, 0x88, 0x43, 0x18, 0x45, 0x60, 0xc2, 0x9d, 0x7b, 0x10,
    0xc2, 0x0e, 0x19, 0xfe, 0xc2, 0xe0, 0x5f, 0xdf, 0x42, 0x20, 0xe3, 0x48, 0xc1, 0x63, 0x1b, 0x9c,
    0x41, 0xaf, 0x0f, 0x57, 0x42, 0xdd, 0xe0, 0xf1, 0xc1, 0xd2, 0xe2, 0x3f, 0x42, 0xe8, 0x08, 0x99,
    0xc0, 0xc8, 0xe6, 0x38, 0x42, 0x85, 0xa5, 0xaa, 0x3f, 0x7c, 0x40, 0xf8, 0x40, 0x05, 0xb0, 0x0e,
    0x42, 0x76, 0x8a, 0x81, 0x41, 0xac, 0x88, 0xc0, 0x41, 0x05, 0xfc, 0xc9, 0xc0, 0x2f, 0x11, 0x2f,
    0x42, 0xf6, 0x0f, 0x90, 0x41, 0x81, 0x05, 0x8d, 0x41, 0x7c, 0x40, 0xf8, 0x40, 0x1e, 0x16, 0xb4,
    0x41, 0x24, 0x2c, 0x4f, 0x42, 0x6a, 0x36, 0xa7, 0xc1, 0xd2, 0xe2, 0x3f, 0x42, 0x30, 0x43, 0xee,
    0xc0, 0xaf, 0xa1, 0x77, 0x42, 0x0e, 0xdb, 0xb2, 0x40, 0x20, 0xe3, 0x48, 0xc1, 0x39, 0x3c, 0x0a,
    0x43, 0x5b, 0xc2, 0xe9, 0xc2, 0x18, 0x45, 0x60, 0xc2, 0x3c, 0x95, 0x8b, 0x43, 0x21, 0x11, 0x22,
    0x12, 0x21, 0x11, 0x22, 0x12, 0x21, 0x11, 0x22, 0x12, 0x21, 0x11, 0x22, 0x12, 0x21, 0x11, 0x22,
    0x12, 0x21, 0x11, 0x22, 0x12, 0x21, 0x11, 0x22, 0x12, 0x21, 0x11, 0x22, 0x12, 0x01, 0x20, 0x00,
    0x00, 0x60, 0x00, 0x00, 0x00, 0x04, 0x65, 0x3f, 0x42, 0xff, 0xff, 0xff, 0xff, 0xff, 0xff, 0xff,
    0xff, 0xff, 0xff, 0xff, 0xff, 0x00, 0x00, 0x00, 0x00, 0x68, 0xca, 0x76, 0x3d, 0x71, 0xbe, 0x10,
    0x3d, 0xaf, 0xe5, 0x85, 0xbc, 0x6d, 0x3b, 0x3e, 0xbd, 0x4a, 0x0a, 0xfc, 0xbc, 0xfe, 0x6d, 0x1b,
    0x3c, 0x93, 0x80, 0x09, 0x3d, 0xbe, 0xfd, 0xbd, 0x3c, 0x69, 0x7f, 0x82, 0xbb, 0x92, 0x5b, 0x9a,
    0xbc, 0xd1, 0xab, 0x40, 0xbc, 0x5f, 0x99, 0x4e, 0x3b, 0xcf, 0x55, 0x14, 0x3c, 0xc4, 0x06, 0x8c,
    0x3b, 0xbc, 0x72, 0xcb, 0xba, 0x2c, 0x82, 0x29, 0xbb, 0x99, 0x32, 0xf0, 0xba, 0x12, 0xfb, 0x24,
    0xbb, 0x27, 0xa2, 0xcf, 0xba, 0xd7, 0x77, 0x86, 0x3b, 0xbc, 0x22, 0x13, 0x3c, 0xc5, 0xc4, 0x5d,
    0x3b, 0xe2, 0xee, 0x3a, 0xbc, 0x94, 0x52, 0x9a, 0xbc, 0x20, 0x4f, 0x93, 0xbb, 0x62, 0x59, 0xb9,
    0x3c, 0x7a, 0xc3, 0x09, 0x3d, 0x17, 0x7c, 0x28, 0x3c, 0x32, 0x7f, 0xf5, 0xbc, 0xe6, 0x7d, 0x3e,
    0xbd, 0xf7, 0xd2, 0x8d, 0xbc, 0xcb, 0xce, 0x0c, 0x3d, 0x57, 0xc3, 0x63, 0xbe, 0x6d, 0x75, 0x4e,
    0xbd, 0xa9, 0xd0, 0xc2, 0x3d, 0xb2, 0x30, 0x0b, 0xbd, 0x3e, 0xd9, 0x61, 0xbd, 0x84, 0xf4, 0x70,
    0x3c, 0xe0, 0xe7, 0xba, 0xbb, 0x62, 0x37, 0xfe, 0xbb, 0xd3, 0x8a, 0xfd, 0xbb, 0x6d, 0x9b, 0x07,
    0xbd, 0x57, 0x40, 0xf8, 0xb7, 0xa6, 0x33, 0x85, 0x3c, 0xa9, 0x9d, 0xf3, 0xbc, 0xea, 0xee, 0x00,
    0xbd, 0xba, 0x46, 0x2b, 0x3c, 0xc9, 0x91, 0x02, 0x3c, 0x21, 0x9a, 0xf8, 0xbc, 0x87, 0xa3, 0xe9,
    0xbc, 0x72, 0x05, 0x2c, 0x3c, 0x5b, 0x18, 0x92, 0x3b, 0xa4, 0xe5, 0xfb, 0xbc, 0xe1, 0x7d, 0xab,
    0xbc, 0x7b, 0x25, 0x7a, 0x38, 0xb0, 0x9e, 0x34, 0x3b, 0xa2, 0xf4, 0x29, 0xbc, 0x2b, 0xbf, 0x3a,
    0xbd, 0xcc, 0x28, 0x9a, 0xbb, 0xef, 0xed, 0x49, 0x3d, 0x97, 0xd8, 0x72, 0xbd, 0x4e, 0xb2, 0x90,
    0xbd, 0xcf, 0x65, 0xc2, 0x3d, 0xe5, 0x12, 0x95, 0xbc, 0xfc, 0x78, 0xe0, 0x3a, 0x2d, 0xa5, 0x46,
    0xb9, 0xba, 0x56, 0x67, 0xba, 0x27, 0xa3, 0x87, 0x3a, 0x86, 0xbd, 0xaa, 0x39, 0x81, 0x36, 0xd5,
    0xb9, 0x81, 0x5a, 0x08, 0x3a, 0x76, 0xc1, 0x0d, 0x39, 0xfc, 0x0e, 0xda, 0xb8, 0x77, 0x05, 0xf9,
    0x39, 0x1b, 0xd8, 0xb6, 0x38, 0x7e, 0x7e, 0xef, 0xb8, 0xf1, 0xf6, 0xb6, 0x39, 0xd7, 0x36, 0x89,
    0x39, 0x78, 0x6d, 0x83, 0x35, 0xa0, 0x37, 0x88, 0x38, 0xe1, 0x1b, 0x80, 0x39, 0x8c, 0x0f, 0x92,
    0x39, 0xc5, 0xe7, 0x7f, 0xb6, 0x7b, 0x35, 0x34, 0x38, 0x08, 0x6f, 0xb5, 0x39, 0xb4, 0x09, 0xcc,
    0x38, 0x0f, 0x13, 0xa5, 0x38, 0xc4, 0x4f, 0x7f, 0x39, 0xae, 0x9e, 0xe8, 0xb8, 0x58, 0xe4, 0xb0,
    0x39, 0x5d, 0xb2, 0xf5, 0x39, 0xe5, 0x27, 0x2d, 0xba, 0x61, 0x37, 0xa5, 0x39, 0x08, 0x52, 0x9c,
    0x3a, 0x23, 0x61, 0x75, 0xba, 0x52, 0xac, 0xc9, 0xb9, 0x9c, 0x93, 0x0a, 0xbd, 0x5a, 0xa3, 0x72,
    0xbd, 0x85, 0xb0, 0x0e, 0xbd, 0x30, 0x16, 0x82, 0x3c, 0x6c, 0x7b, 0x3a, 0x3d, 0x22, 0x49, 0xf8,
    0x3c, 0xa0, 0x8d, 0x15, 0xbc, 0xb0, 0xa2, 0x06, 0xbd, 0xac, 0x4d, 0xbb, 0xbc, 0xf6, 0xfd, 0x74,
    0x3b, 0x25, 0xfd, 0x96, 0x3c, 0xf2, 0xb5, 0x3e, 0x3c, 0x19, 0xb1, 0x41, 0xbb, 0xab, 0x0c, 0x11,
    0xbc, 0x70, 0x16, 0x8c, 0xbb, 0x66, 0x2a, 0xbe, 0x3a, 0x08, 0x50, 0x28, 0x3b, 0xa5, 0xf6, 0xf6,
    0x3a, 0x93, 0x74, 0x23, 0x3b, 0x0b, 0x58, 0xc2, 0x3a, 0x51, 0x3f, 0x86, 0xbb, 0xd8, 0xbf, 0x0f,
    0xbc, 0xad, 0x67, 0x51, 0xbb, 0x1e, 0xb5, 0x38, 0x3c, 0x16, 0xef, 0x96, 0x3c, 0x0b, 0x02, 0x8c,
    0x3b, 0x7e, 0x73, 0xb6, 0xbc, 0x3e, 0xe7, 0x06, 0xbd, 0xce, 0x2e, 0x23, 0xbc, 0xd5, 0x71, 0xf1,
    0x3c, 0xf0, 0xbf, 0x3a, 0x3d, 0xaa, 0x5d, 0x8a, 0x3c, 0x48, 0x06, 0x63, 0xbd, 0x09, 0x10, 0x62,
    0xbe, 0x80, 0x66, 0x7c, 0xbc, 0xb9, 0x57, 0xbf, 0x3d, 0xef, 0x19, 0x8b, 0xbd, 0x15, 0x62, 0x60,
    0xbd, 0x04, 0x6d, 0x44, 0x3d, 0xe7, 0x46, 0xb3, 0xbb, 0x46, 0x1f, 0x2c, 0xbd, 0x8c, 0x8b, 0x0d,
    0xbc, 0x08, 0xf7, 0xc6, 0x3a, 0x06, 0xbe, 0xb9, 0x39, 0x78, 0xdc, 0x9c, 0xbc, 0xd1, 0xf1, 0xf8,
    0xbc, 0xfc, 0x02, 0x7f, 0x3b, 0x70, 0xbc, 0x2e, 0x3c, 0x19, 0xee, 0xe5, 0xbc, 0xf9, 0xeb, 0xfc,
    0xbc, 0xe8, 0xac, 0xf1, 0x3b, 0x2e, 0xb2, 0x2f, 0x3c, 0xb6, 0x85, 0x03, 0xbd, 0x51, 0xbc, 0x00,
    0xbd, 0x40, 0xbb, 0x7f, 0x3c, 0xdb, 0xec, 0x00, 0x3a, 0x20, 0xac, 0x0d, 0xbd, 0x1c, 0xfa, 0x39,
    0xbc, 0xca, 0xa8, 0x00, 0xbc, 0xae, 0xdd, 0x8e, 0xbb, 0x5d, 0x98, 0x2b, 0x3c, 0xa8, 0xe0, 0x71,
    0xbd, 0x84, 0xd0, 0x04, 0xbd, 0x2d, 0x16, 0xbf, 0x3d, 0xb8, 0x01, 0x50, 0xb9, 0x66, 0xac, 0xd7,
    0x3a, 0x2d, 0x35, 0xde, 0xb9, 0x85, 0x66, 0x69, 0xba, 0xd4, 0x96, 0x9d, 0x3a, 0x05, 0xe4, 0xa8,
    0x39, 0x89, 0xaf, 0x18, 0xba, 0x70, 0xf9, 0x08, 0x3a, 0xd4, 0x50, 0xb6, 0x39, 0x2e, 0x04, 0x97,
    0xb8, 0x42, 0x2a, 0x96, 0x39, 0x06, 0x6d, 0xbb, 0x38, 0xd5, 0xdd, 0xd5, 0x38, 0x29, 0xb0, 0xbe,
    0x39, 0x6d, 0x60, 0x83, 0x38, 0x5a, 0x7b, 0x08, 0x36, 0x36, 0x0c, 0x93, 0x39, 0x24, 0x27, 0x88,
    0x39, 0x90, 0xc7, 0xa1, 0x38, 0x99, 0x3e, 0x40, 0xb6, 0xdb, 0xca, 0x88, 0x39, 0x78, 0x38, 0xbd,
    0x39, 0x2a, 0x52, 0xd9, 0xb8, 0x17, 0xe7, 0xa8, 0x38, 0x61, 0x4c, 0xf7, 0x39, 0x3d, 0xd0, 0xa4,
    0xb8, 0x32, 0x6b, 0x0b, 0x39, 0x25, 0x7d, 0xf6, 0x39, 0xe7, 0x98, 0xdb, 0xb9, 0x15, 0xa5, 0xa3,
    0x39, 0x72, 0x93, 0x76, 0x3a, 0xb7, 0x9a, 0x77, 0xba, 0x30, 0x16, 0x82, 0xbc, 0x85, 0xb0, 0x0e,
    0x3d, 0x5a, 0xa3, 0x72, 0x3d, 0x9c, 0x93, 0x0a, 0x3d, 0xaa, 0x5d, 0x8a, 0xbc, 0xf0, 0xbf, 0x3a,
    0xbd, 0xd5, 0x71, 0xf1, 0xbc, 0xce, 0x2e, 0x23, 0x3c, 0x3e, 0xe7, 0x06, 0x3d, 0x7e, 0x73, 0xb6,
    0x3c, 0x0b, 0x02, 0x8c, 0xbb, 0x16, 0xef, 0x96, 0xbc, 0x1e, 0xb5, 0x38, 0xbc, 0xad, 0x67, 0x51,
    0x3b, 0xd8, 0xbf, 0x0f, 0x3c, 0x51, 0x3f, 0x86, 0x3b, 0x0b, 0x58, 0xc2, 0xba, 0x93, 0x74, 0x23,
    0xbb, 0xa5, 0xf6, 0xf6, 0xba, 0x08, 0x50, 0x28, 0xbb, 0x66, 0x2a, 0xbe, 0xba, 0x70, 0x16, 0x8c,
    0x3b, 0xab, 0x0c, 0x11, 0x3c, 0x19, 0xb1, 0x41, 0x3b, 0xf2, 0xb5, 0x3e, 0xbc, 0x25, 0xfd, 0x96,
    0xbc, 0xf6, 0xfd, 0x74, 0xbb, 0xac, 0x4d, 0xbb, 0x3c, 0xb0, 0xa2, 0x06, 0x3d, 0xa0, 0x8d, 0x15,
    0x3c, 0x22, 0x49, 0xf8, 0xbc, 0x6c, 0x7b, 0x3a, 0xbd, 0xb9, 0x57, 0xbf, 0x3d, 0x80, 0x66, 0x7c,
    0xbc, 0x09, 0x10, 0x62, 0xbe, 0x48, 0x06, 0x63, 0xbd, 0x2d, 0x16, 0xbf, 0x3d, 0x84, 0xd0, 0x04,
    0xbd, 0xa8, 0xe0, 0x71, 0xbd, 0x5d, 0x98, 0x2b, 0x3c, 0xae, 0xdd, 0x8e, 0xbb, 0xca, 0xa8, 0x00,
    0xbc, 0x1c, 0xfa, 0x39, 0xbc, 0x20, 0xac, 0x0d, 0xbd, 0xdb, 0xec, 0x00, 0x3a, 0x40, 0xbb, 0x7f,
    0x3c, 0x51, 0xbc, 0x00, 0xbd, 0xb6, 0x85, 0x03, 0xbd, 0x2e, 0xb2, 0x2f, 0x3c, 0xe8, 0xac, 0xf1,
    0x3b, 0xf9, 0xeb, 0xfc, 0xbc, 0x19, 0xee, 0xe5, 0xbc, 0x70, 0xbc, 0x2e, 0x3c, 0xfc, 0x02, 0x7f,
    0x3b, 0xd1, 0xf1, 0xf8, 0xbc, 0x78, 0xdc, 0x9c, 0xbc, 0x06, 0xbe, 0xb9, 0x39, 0x08, 0xf7, 0xc6,
    0x3a, 0x8c, 0x8b, 0x0d, 0xbc, 0x46, 0x1f, 0x2c, 0xbd, 0xe7, 0x46, 0xb3, 0xbb, 0x04, 0x6d, 0x44,
    0x3d, 0x15, 0x62, 0x60, 0xbd, 0xef, 0x19, 0x8b, 0xbd, 0x85, 0x66, 0x69, 0xba, 0x2d, 0x35, 0xde,
    0xb9, 0x66, 0xac, 0xd7, 0x3a, 0xb8, 0x01, 0x50, 0xb9, 0xb7, 0x9a, 0x77, 0xba, 0x72, 0x93, 0x76,
    0x3a, 0x15, 0xa5, 0xa3, 0x39, 0xe7, 0x98, 0xdb, 0xb9, 0x25, 0x7d, 0xf6, 0x39, 0x32, 0x6b, 0x0b,
    0x39, 0x3d, 0xd0, 0xa4, 0xb8, 0x61, 0x4c, 0xf7, 0x39, 0x17, 0xe7, 0xa8, 0x38, 0x2a, 0x52, 0xd9,
    0xb8, 0x78, 0x38, 0xbd, 0x39, 0xdb, 0xca, 0x88, 0x39, 0x99, 0x3e, 0x40, 0xb6, 0x90, 0xc7, 0xa1,
    0x38, 0x24, 0x27, 0x88, 0x39, 0x36, 0x0c, 0x93, 0x39, 0x5a, 0x7b, 0x08, 0x36, 0x6d, 0x60, 0x83,
    0x38, 0x29, 0xb0, 0xbe, 0x39, 0xd5, 0xdd, 0xd5, 0x38, 0x06, 0x6d, 0xbb, 0x38, 0x42, 0x2a, 0x96,
    0x39, 0x2e, 0x04, 0x97, 0xb8, 0xd4, 0x50, 0xb6, 0x39, 0x70, 0xf9, 0x08, 0x3a, 0x89, 0xaf, 0x18,
    0xba, 0x05, 0xe4, 0xa8, 0x39, 0xd4, 0x96, 0x9d, 0x3a, 0x6d, 0x3b, 0x3e, 0x3d, 0xaf, 0xe5, 0x85,
    0x3c, 0x71, 0xbe, 0x10, 0xbd, 0x68, 0xca, 0x76, 0xbd, 0xcb, 0xce, 0x0c, 0xbd, 0xf7, 0xd2, 0x8d,
    0x3c, 0xe6, 0x7d, 0x3e, 0x3d, 0x32, 0x7f, 0xf5, 0x3c, 0x17, 0x7c, 0x28, 0xbc, 0x7a, 0xc3, 0x09,
    0xbd, 0x62, 0x59, 0xb9, 0xbc, 0x20, 0x4f, 0x93, 0x3b, 0x94, 0x52, 0x9a, 0x3c, 0xe2, 0xee, 0x3a,
    0x3c, 0xc5, 0xc4, 0x5d, 0xbb, 0xbc, 0x22, 0x13, 0xbc, 0xd7, 0x77, 0x86, 0xbb, 0x27, 0xa2, 0xcf,
    0x3a, 0x12, 0xfb, 0x24, 0x3b, 0x99, 0x32, 0xf0, 0x3a, 0x2c, 0x82, 0x29, 0x3b, 0xbc, 0x72, 0xcb,
    0x3a, 0xc4, 0x06, 0x8c, 0xbb, 0xcf, 0x55, 0x14, 0xbc, 0x5f, 0x99, 0x4e, 0xbb, 0xd1, 0xab, 0x40,
    0x3c, 0x92, 0x5b, 0x9a, 0x3c, 0x69, 0x7f, 0x82, 0x3b, 0xbe, 0xfd, 0xbd, 0xbc, 0x93, 0x80, 0x09,
    0xbd, 0xfe, 0x6d, 0x1b, 0xbc, 0x4a, 0x0a, 0xfc, 0x3c, 0xb2, 0x30, 0x0b, 0xbd, 0xa9, 0xd0, 0xc2,
    0x3d, 0x6d, 0x75, 0x4e, 0xbd, 0x57, 0xc3, 0x63, 0xbe, 0xe5, 0x12, 0x95, 0xbc, 0xcf, 0x65, 0xc2,
    0x3d, 0x4e, 0xb2, 0x90, 0xbd, 0x97, 0xd8, 0x72, 0xbd, 0xef, 0xed, 0x49, 0x3d, 0xcc, 0x28, 0x9a,
    0xbb, 0x2b, 0xbf, 0x3a, 0xbd, 0xa2, 0xf4, 0x29, 0xbc, 0xb0, 0x9e, 0x34, 0x3b, 0x7b, 0x25, 0x7a,
    0x38, 0xe1, 0x7d, 0xab, 0xbc, 0xa4, 0xe5, 0xfb, 0xbc, 0x5b, 0x18, 0x92, 0x3b, 0x72, 0x05, 0x2c,
    0x3c, 0x87, 0xa3, 0xe9, 0xbc, 0x21, 0x9a, 0xf8, 0xbc, 0xc9, 0x91, 0x02, 0x3c, 0xba, 0x46, 0x2b,
    0x3c, 0xea, 0xee, 0x00, 0xbd, 0xa9, 0x9d, 0xf3, 0xbc, 0xa6, 0x33, 0x85, 0x3c, 0x57, 0x40, 0xf8,
    0xb7, 0x6d, 0x9b, 0x07, 0xbd, 0xd3, 0x8a, 0xfd, 0xbb, 0x62, 0x37, 0xfe, 0xbb, 0xe0, 0xe7, 0xba,
    0xbb, 0x84, 0xf4, 0x70, 0x3c, 0x3e, 0xd9, 0x61, 0xbd, 0x27, 0xa3, 0x87, 0x3a, 0xba, 0x56, 0x67,
    0xba, 0x2d, 0xa5, 0x46, 0xb9, 0xfc, 0x78, 0xe0, 0x3a, 0x52, 0xac, 0xc9, 0xb9, 0x23, 0x61, 0x75,
    0xba, 0x08, 0x52, 0x9c, 0x3a, 0x61, 0x37, 0xa5, 0x39, 0xe5, 0x27, 0x2d, 0xba, 0x5d, 0xb2, 0xf5,
    0x39, 0x58, 0xe4, 0xb0, 0x39, 0xae, 0x9e, 0xe8, 0xb8, 0xc4, 0x4f, 0x7f, 0x39, 0x0f, 0x13, 0xa5,
    0x38, 0xb4, 0x09, 0xcc, 0x38, 0x08, 0x6f, 0xb5, 0x39, 0x7b, 0x35, 0x34, 0x38, 0xc5, 0xe7, 0x7f,
    0xb6, 0x8c, 0x0f, 0x92, 0x39, 0xe1, 0x1b, 0x80, 0x39, 0xa0, 0x37, 0x88, 0x38, 0x78, 0x6d, 0x83,
    0x35, 0xd7, 0x36, 0x89, 0x39, 0xf1, 0xf6, 0xb6, 0x39, 0x7e, 0x7e, 0xef, 0xb8, 0x1b, 0xd8, 0xb6,
    0x38, 0x77, 0x05, 0xf9, 0x39, 0xfc, 0x0e, 0xda, 0xb8, 0x76, 0xc1, 0x0d, 0x39, 0x81, 0x5a, 0x08,
    0x3a, 0x81, 0x36, 0xd5, 0xb9, 0x86, 0xbd, 0xaa, 0x39, 0x32, 0x7f, 0xf5, 0xbc, 0xe6, 0x7d, 0x3e,
    0xbd, 0xf7, 0xd2, 0x8d, 0xbc, 0xcb, 0xce, 0x0c, 0x3d, 0x68, 0xca, 0x76, 0x3d, 0x71, 0xbe, 0x10,
    0x3d, 0xaf, 0xe5, 0x85, 0xbc, 0x6d, 0x3b, 0x3e, 0xbd, 0x4a, 0x0a, 0xfc, 0xbc, 0xfe, 0x6d, 0x1b,
    0x3c, 0x93, 0x80, 0x09, 0x3d, 0xbe, 0xfd, 0xbd, 0x3c, 0x69, 0x7f, 0x82, 0xbb, 0x92, 0x5b, 0x9a,
    0xbc, 0xd1, 0xab, 0x40, 0xbc, 0x5f, 0x99, 0x4e, 0x3b, 0xcf, 0x55, 0x14, 0x3c, 0xc4, 0x06, 0x8c,
    0x3b, 0xbc, 0x72, 0xcb, 0xba, 0x2c, 0x82, 0x29, 0xbb, 0x99, 0x32, 0xf0, 0xba, 0x12, 0xfb, 0x24,
    0xbb, 0x27, 0xa2, 0xcf, 0xba, 0xd7, 0x77, 0x86, 0x3b, 0xbc, 0x22, 0x13, 0x3c, 0xc5, 0xc4, 0x5d,
    0x3b, 0xe2, 0xee, 0x3a, 0xbc, 0x94, 0x52, 0x9a, 0xbc, 0x20, 0x4f, 0x93, 0xbb, 0x62, 0x59, 0xb9,
    0x3c, 0x7a, 0xc3, 0x09, 0x3d, 0x17, 0x7c, 0x28, 0x3c, 0x97, 0xd8, 0x72, 0xbd, 0x4e, 0xb2, 0x90,
    0xbd, 0xcf, 0x65, 0xc2, 0x3d, 0xe5, 0x12, 0x95, 0xbc, 0x57, 0xc3, 0x63, 0xbe, 0x6d, 0x75, 0x4e,
    0xbd, 0xa9, 0xd0, 0xc2, 0x3d, 0xb2, 0x30, 0x0b, 0xbd, 0x3e, 0xd9, 0x61, 0xbd, 0x84, 0xf4, 0x70,
    0x3c, 0xe0, 0xe7, 0xba, 0xbb, 0x62, 0x37, 0xfe, 0xbb, 0xd3, 0x8a, 0xfd, 0xbb, 0x6d, 0x9b, 0x07,
    0xbd, 0x57, 0x40, 0xf8, 0xb7, 0xa6, 0x33, 0x85, 0x3c, 0xa9, 0x9d, 0xf3, 0xbc, 0xea, 0xee, 0x00,
    0xbd, 0xba, 0x46, 0x2b, 0x3c, 0xc9, 0x91, 0x02, 0x3c, 0x21, 0x9a, 0xf8, 0xbc, 0x87, 0xa3, 0xe9,
    0xbc, 0x72, 0x05, 0x2c, 0x3c, 0x5b, 0x18, 0x92, 0x3b, 0xa4, 0xe5, 0xfb, 0xbc, 0xe1, 0x7d, 0xab,
    0xbc, 0x7b, 0x25, 0x7a, 0x38, 0xb0, 0x9e, 0x34, 0x3b, 0xa2, 0xf4, 0x29, 0xbc, 0x2b, 0xbf, 0x3a,
    0xbd, 0xcc, 0x28, 0x9a, 0xbb, 0xef, 0xed, 0x49, 0x3d, 0x61, 0x37, 0xa5, 0x39, 0x08, 0x52, 0x9c,
    0x3a, 0x23, 0x61, 0x75, 0xba, 0x52, 0xac, 0xc9, 0xb9, 0xfc, 0x78, 0xe0, 0x3a, 0x2d, 0xa5, 0x46,
    0xb9, 0xba, 0x56, 0x67, 0xba, 0x27, 0xa3, 0x87, 0x3a, 0x86, 0xbd, 0xaa, 0x39, 0x81, 0x36, 0xd5,
    0xb9, 0x81, 0x5a, 0x08, 0x3a, 0x76, 0xc1, 0x0d, 0x39, 0xfc, 0x0e, 0xda, 0xb8, 0x77, 0x05, 0xf9,
    0x39, 0x1b, 0xd8, 0xb6, 0x38, 0x7e, 0x7e, 0xef, 0xb8, 0xf1, 0xf6, 0xb6, 0x39, 0xd7, 0x36, 0x89,
    0x39, 0x78, 0x6d, 0x83, 0x35, 0xa0, 0x37, 0x88, 0x38, 0xe1, 0x1b, 0x80, 0x39, 0x8c, 0x0f, 0x92,
    0x39, 0xc5, 0xe7, 0x7f, 0xb6, 0x7b, 0x35, 0x34, 0x38, 0x08, 0x6f, 0xb5, 0x39, 0xb4, 0x09, 0xcc,
    0x38, 0x0f, 0x13, 0xa5, 0x38, 0xc4, 0x4f, 0x7f, 0x39, 0xae, 0x9e, 0xe8, 0xb8, 0x58, 0xe4, 0xb0,
    0x39, 0x5d, 0xb2, 0xf5, 0x39, 0xe5, 0x27, 0x2d, 0xba, 0xce, 0x2e, 0x23, 0xbc, 0xd5, 0x71, 0xf1,
    0x3c, 0xf0, 0xbf, 0x3a, 0x3d, 0xaa, 0x5d, 0x8a, 0x3c, 0x9c, 0x93, 0x0a, 0xbd, 0x5a, 0xa3, 0x72,
    0xbd, 0x85, 0xb0, 0x0e, 0xbd, 0x30, 0x16, 0x82, 0x3c, 0x6c, 0x7b, 0x3a, 0x3d, 0x22, 0x49, 0xf8,
    0x3c, 0xa0, 0x8d, 0x15, 0xbc, 0xb0, 0xa2, 0x06, 0xbd, 0xac, 0x4d, 0xbb, 0xbc, 0xf6, 0xfd, 0x74,
    0x3b, 0x25, 0xfd, 0x96, 0x3c, 0xf2, 0xb5, 0x3e, 0x3c, 0x19, 0xb1, 0x41, 0xbb, 0xab, 0x0c, 0x11,
    0xbc, 0x70, 0x16, 0x8c, 0xbb, 0x66, 0x2a, 0xbe, 0x3a, 0x08, 0x50, 0x28, 0x3b, 0xa5, 0xf6, 0xf6,
    0x3a, 0x93, 0x74, 0x23, 0x3b, 0x0b, 0x58, 0xc2, 0x3a, 0x51, 0x3f, 0x86, 0xbb, 0xd8, 0xbf, 0x0f,
    0xbc, 0xad, 0x67, 0x51, 0xbb, 0x1e, 0xb5, 0x38, 0x3c, 0x16, 0xef, 0x96, 0x3c, 0x0b, 0x02, 0x8c,
    0x3b, 0x7e, 0x73, 0xb6, 0xbc, 0x3e, 0xe7, 0x06, 0xbd, 0x5d, 0x98, 0x2b, 0x3c, 0xa8, 0xe0, 0x71,
    0xbd, 0x84, 0xd0, 0x04, 0xbd, 0x2d, 0x16, 0xbf, 0x3d, 0x48, 0x06, 0x63, 0xbd, 0x09, 0x10, 0x62,
    0xbe, 0x80, 0x66, 0x7c, 0xbc, 0xb9, 0x57, 0xbf, 0x3d, 0xef, 0x19, 0x8b, 0xbd, 0x15, 0x62, 0x60,
    0xbd, 0x04, 0x6d, 0x44, 0x3d, 0xe7, 0x46, 0xb3, 0xbb, 0x46, 0x1f, 0x2c, 0xbd, 0x8c, 0x8b, 0x0d,
    0xbc, 0x08, 0xf7, 0xc6, 0x3a, 0x06, 0xbe, 0xb9, 0x39, 0x78, 0xdc, 0x9c, 0xbc, 0xd1, 0xf1, 0xf8,
    0xbc, 0xfc, 0x02, 0x7f, 0x3b, 0x70, 0xbc, 0x2e, 0x3c, 0x19, 0xee, 0xe5, 0xbc, 0xf9, 0xeb, 0xfc,
    0xbc, 0xe8, 0xac, 0xf1, 0x3b, 0x2e, 0xb2, 0x2f, 0x3c, 0xb6, 0x85, 0x03, 0xbd, 0x51, 0xbc, 0x00,
    0xbd, 0x40, 0xbb, 0x7f, 0x3c, 0xdb, 0xec, 0x00, 0x3a, 0x20, 0xac, 0x0d, 0xbd, 0x1c, 0xfa, 0x39,
    0xbc, 0xca, 0xa8, 0x00, 0xbc, 0xae, 0xdd, 0x8e, 0xbb, 0xe7, 0x98, 0xdb, 0xb9, 0x15, 0xa5, 0xa3,
    0x39, 0x72, 0x93, 0x76, 0x3a, 0xb7, 0x9a, 0x77, 0xba, 0xb8, 0x01, 0x50, 0xb9, 0x66, 0xac, 0xd7,
    0x3a, 0x2d, 0x35, 0xde, 0xb9, 0x85, 0x66, 0x69, 0xba, 0xd4, 0x96, 0x9d, 0x3a, 0x05, 0xe4, 0xa8,
    0x39, 0x89, 0xaf, 0x18, 0xba, 0x70, 0xf9, 0x08, 0x3a, 0xd4, 0x50, 0xb6, 0x39, 0x2e, 0x04, 0x97,
    0xb8, 0x42, 0x2a, 0x96, 0x39, 0x06, 0x6d, 0xbb, 0x38, 0xd5, 0xdd, 0xd5, 0x38, 0x29, 0xb0, 0xbe,
    0x39, 0x6d, 0x60, 0x83, 0x38, 0x5a, 0x7b, 0x08, 0x36, 0x36, 0x0c, 0x93, 0x39, 0x24, 0x27, 0x88,
    0x39, 0x90, 0xc7, 0xa1, 0x38, 0x99, 0x3e, 0x40, 0xb6, 0xdb, 0xca, 0x88, 0x39, 0x78, 0x38, 0xbd,
    0x39, 0x2a, 0x52, 0xd9, 0xb8, 0x17, 0xe7, 0xa8, 0x38, 0x61, 0x4c, 0xf7, 0x39, 0x3d, 0xd0, 0xa4,
    0xb8, 0x32, 0x6b, 0x0b, 0x39, 0x25, 0x7d, 0xf6, 0x39, 0xb0, 0xa2, 0x06, 0x3d, 0xa0, 0x8d, 0x15,
    0x3c, 0x22, 0x49, 0xf8, 0xbc, 0x6c, 0x7b, 0x3a, 0xbd, 0x30, 0x16, 0x82, 0xbc, 0x85, 0xb0, 0x0e,
    0x3d, 0x5a, 0xa3, 0x72, 0x3d, 0x9c, 0x93, 0x0a, 0x3d, 0xaa, 0x5d, 0x8a, 0xbc, 0xf0, 0xbf, 0x3a,
    0xbd, 0xd5, 0x71, 0xf1, 0xbc, 0xce, 0x2e, 0x23, 0x3c, 0x3e, 0xe7, 0x06, 0x3d, 0x7e, 0x73, 0xb6,
    0x3c, 0x0b, 0x02, 0x8c, 0xbb, 0x16, 0xef, 0x96, 0xbc, 0x1e, 0xb5, 0x38, 0xbc, 0xad, 0x67, 0x51,
    0x3b, 0xd8, 0xbf, 0x0f, 0x3c, 0x51, 0x3f, 0x86, 0x3b, 0x0b, 0x58, 0xc2, 0xba, 0x93, 0x74, 0x23,
    0xbb, 0xa5, 0xf6, 0xf6, 0xba, 0x08, 0x50, 0x28, 0xbb, 0x66, 0x2a, 0xbe, 0xba, 0x70, 0x16, 0x8c,
    0x3b, 0xab, 0x0c, 0x11, 0x3c, 0x19, 0xb1, 0x41, 0x3b, 0xf2, 0xb5, 0x3e, 0xbc, 0x25, 0xfd, 0x96,
    0xbc, 0xf6, 0xfd, 0x74, 0xbb, 0xac, 0x4d, 0xbb, 0x3c, 0xe7, 0x46, 0xb3, 0xbb, 0x04, 0x6d, 0x44,
    0x3d, 0x15, 0x62, 0x60, 0xbd, 0xef, 0x19, 0x8b, 0xbd, 0xb9, 0x57, 0xbf, 0x3d, 0x80, 0x66, 0x7c,
    0xbc, 0x09, 0x10, 0x62, 0xbe, 0x48, 0x06, 0x63, 0xbd, 0x2d, 0x16, 0xbf, 0x3d, 0x84, 0xd0, 0x04,
    0xbd, 0xa8, 0xe0, 0x71, 0xbd, 0x5d, 0x98, 0x2b, 0x3c, 0xae, 0xdd, 0x8e, 0xbb, 0xca, 0xa8, 0x00,
    0xbc, 0x1c, 0xfa, 0x39, 0xbc, 0x20, 0xac, 0x0d, 0xbd, 0xdb, 0xec, 0x00, 0x3a, 0x40, 0xbb, 0x7f,
    0x3c, 0x51, 0xbc, 0x00, 0xbd, 0xb6, 0x85, 0x03, 0xbd, 0x2e, 0xb2, 0x2f, 0x3c, 0xe8, 0xac, 0xf1,
    0x3b, 0xf9, 0xeb, 0xfc, 0xbc, 0x19, 0xee, 0xe5, 0xbc, 0x70, 0xbc, 0x2e, 0x3c, 0xfc, 0x02, 0x7f,
    0x3b, 0xd1, 0xf1, 0xf8, 0xbc, 0x78, 0xdc, 0x9c, 0xbc, 0x06, 0xbe, 0xb9, 0x39, 0x08, 0xf7, 0xc6,
    0x3a, 0x8c, 0x8b, 0x0d, 0xbc, 0x46, 0x1f, 0x2c, 0xbd, 0x70, 0xf9, 0x08, 0x3a, 0x89, 0xaf, 0x18,
    0xba, 0x05, 0xe4, 0xa8, 0x39, 0xd4, 0x96, 0x9d, 0x3a, 0x85, 0x66, 0x69, 0xba, 0x2d, 0x35, 0xde,
    0xb9, 0x66, 0xac, 0xd7, 0x3a, 0xb8, 0x01, 0x50, 0xb9, 0xb7, 0x9a, 0x77, 0xba, 0x72, 0x93, 0x76,
    0x3a, 0x15, 0xa5, 0xa3, 0x39, 0xe7, 0x98, 0xdb, 0xb9, 0x25, 0x7d, 0xf6, 0x39, 0x32, 0x6b, 0x0b,
    0x39, 0x3d, 0xd0, 0xa4, 0xb8, 0x61, 0x4c, 0xf7, 0x39, 0x17, 0xe7, 0xa8, 0x38, 0x2a, 0x52, 0xd9,
    0xb8, 0x78, 0x38, 0xbd, 0x39, 0xdb, 0xca, 0x88, 0x39, 0x99, 0x3e, 0x40, 0xb6, 0x90, 0xc7, 0xa1,
    0x38, 0x24, 0x27, 0x88, 0x39, 0x36, 0x0c, 0x93, 0x39, 0x5a, 0x7b, 0x08, 0x36, 0x6d, 0x60, 0x83,
    0x38, 0x29, 0xb0, 0xbe, 0x39, 0xd5, 0xdd, 0xd5, 0x38, 0x06, 0x6d, 0xbb, 0x38, 0x42, 0x2a, 0x96,
    0x39, 0x2e, 0x04, 0x97, 0xb8, 0xd4, 0x50, 0xb6, 0x39, 0xbe, 0xfd, 0xbd, 0xbc, 0x93, 0x80, 0x09,
    0xbd, 0xfe, 0x6d, 0x1b, 0xbc, 0x4a, 0x0a, 0xfc, 0x3c, 0x6d, 0x3b, 0x3e, 0x3d, 0xaf, 0xe5, 0x85,
    0x3c, 0x71, 0xbe, 0x10, 0xbd, 0x68, 0xca, 0x76, 0xbd, 0xcb, 0xce, 0x0c, 0xbd, 0xf7, 0xd2, 0x8d,
    0x3c, 0xe6, 0x7d, 0x3e, 0x3d, 0x32, 0x7f, 0xf5, 0x3c, 0x17, 0x7c, 0x28, 0xbc, 0x7a, 0xc3, 0x09,
    0xbd, 0x62, 0x59, 0xb9, 0xbc, 0x20, 0x4f, 0x93, 0x3b, 0x94, 0x52, 0x9a, 0x3c, 0xe2, 0xee, 0x3a,
    0x3c, 0xc5, 0xc4, 0x5d, 0xbb, 0xbc, 0x22, 0x13, 0xbc, 0xd7, 0x77, 0x86, 0xbb, 0x27, 0xa2, 0xcf,
    0x3a, 0x12, 0xfb, 0x24, 0x3b, 0x99, 0x32, 0xf0, 0x3a, 0x2c, 0x82, 0x29, 0x3b, 0xbc, 0x72, 0xcb,
    0x3a, 0xc4, 0x06, 0x8c, 0xbb, 0xcf, 0x55, 0x14, 0xbc, 0x5f, 0x99, 0x4e, 0xbb, 0xd1, 0xab, 0x40,
    0x3c, 0x92, 0x5b, 0x9a, 0x3c, 0x69, 0x7f, 0x82, 0x3b, 0x62, 0x37, 0xfe, 0xbb, 0xe0, 0xe7, 0xba,
    0xbb, 0x84, 0xf4, 0x70, 0x3c, 0x3e, 0xd9, 0x61, 0xbd, 0xb2, 0x30, 0x0b, 0xbd, 0xa9, 0xd0, 0xc2,
    0x3d, 0x6d, 0x75, 0x4e, 0xbd, 0x57, 0xc3, 0x63, 0xbe, 0xe5, 0x12, 0x95, 0xbc, 0xcf, 0x65, 0xc2,
    0x3d, 0x4e, 0xb2, 0x90, 0xbd, 0x97, 0xd8, 0x72, 0xbd, 0xef, 0xed, 0x49, 0x3d, 0xcc, 0x28, 0x9a,
    0xbb, 0x2b, 0xbf, 0x3a, 0xbd, 0xa2, 0xf4, 0x29, 0xbc, 0xb0, 0x9e, 0x34, 0x3b, 0x7b, 0x25, 0x7a,
    0x38, 0xe1, 0x7d, 0xab, 0xbc, 0xa4, 0xe5, 0xfb, 0xbc, 0x5b, 0x18, 0x92, 0x3b, 0x72, 0x05, 0x2c,
    0x3c, 0x87, 0xa3, 0xe9, 0xbc, 0x21, 0x9a, 0xf8, 0xbc, 0xc9, 0x91, 0x02, 0x3c, 0xba, 0x46, 0x2b,
    0x3c, 0xea, 0xee, 0x00, 0xbd, 0xa9, 0x9d, 0xf3, 0xbc, 0xa6, 0x33, 0x85, 0x3c, 0x57, 0x40, 0xf8,
    0xb7, 0x6d, 0x9b, 0x07, 0xbd, 0xd3, 0x8a, 0xfd, 0xbb, 0x76, 0xc1, 0x0d, 0x39, 0x81, 0x5a, 0x08,
    0x3a, 0x81, 0x36, 0xd5, 0xb9, 0x86, 0xbd, 0xaa, 0x39, 0x27, 0xa3, 0x87, 0x3a, 0xba, 0x56, 0x67,
    0xba, 0x2d, 0xa5, 0x46, 0xb9, 0xfc, 0x78, 0xe0, 0x3a, 0x52, 0xac, 0xc9, 0xb9, 0x23, 0x61, 0x75,
    0xba, 0x08, 0x52, 0x9c, 0x3a, 0x61, 0x37, 0xa5, 0x39, 0xe5, 0x27, 0x2d, 0xba, 0x5d, 0xb2, 0xf5,
    0x39, 0x58, 0xe4, 0xb0, 0x39, 0xae, 0x9e, 0xe8, 0xb8, 0xc4, 0x4f, 0x7f, 0x39, 0x0f, 0x13, 0xa5,
    0x38, 0xb4, 0x09, 0xcc, 0x38, 0x08, 0x6f, 0xb5, 0x39, 0x7b, 0x35, 0x34, 0x38, 0xc5, 0xe7, 0x7f,
    0xb6, 0x8c, 0x0f, 0x92, 0x39, 0xe1, 0x1b, 0x80, 0x39, 0xa0, 0x37, 0x88, 0x38, 0x78, 0x6d, 0x83,
    0x35, 0xd7, 0x36, 0x89, 0x39, 0xf1, 0xf6, 0xb6, 0x39, 0x7e, 0x7e, 0xef, 0xb8, 0x1b, 0xd8, 0xb6,
    0x38, 0x77, 0x05, 0xf9, 0x39, 0xfc, 0x0e, 0xda, 0xb8, 0x20, 0x4f, 0x93, 0xbb, 0x62, 0x59, 0xb9,
    0x3c, 0x7a, 0xc3, 0x09, 0x3d, 0x17, 0x7c, 0x28, 0x3c, 0x32, 0x7f, 0xf5, 0xbc, 0xe6, 0x7d, 0x3e,
    0xbd, 0xf7, 0xd2, 0x8d, 0xbc, 0xcb, 0xce, 0x0c, 0x3d, 0x68, 0xca, 0x76, 0x3d, 0x71, 0xbe, 0x10,
    0x3d, 0xaf, 0xe5, 0x85, 0xbc, 0x6d, 0x3b, 0x3e, 0xbd, 0x4a, 0x0a, 0xfc, 0xbc, 0xfe, 0x6d, 0x1b,
    0x3c, 0x93, 0x80, 0x09, 0x3d, 0xbe, 0xfd, 0xbd, 0x3c, 0x69, 0x7f, 0x82, 0xbb, 0x92, 0x5b, 0x9a,
    0xbc, 0xd1, 0xab, 0x40, 0xbc, 0x5f, 0x99, 0x4e, 0x3b, 0xcf, 0x55, 0x14, 0x3c, 0xc4, 0x06, 0x8c,
    0x3b, 0xbc, 0x72, 0xcb, 0xba, 0x2c, 0x82, 0x29, 0xbb, 0x99, 0x32, 0xf0, 0xba, 0x12, 0xfb, 0x24,
    0xbb, 0x27, 0xa2, 0xcf, 0xba, 0xd7, 0x77, 0x86, 0x3b, 0xbc, 0x22, 0x13, 0x3c, 0xc5, 0xc4, 0x5d,
    0x3b, 0xe2, 0xee, 0x3a, 0xbc, 0x94, 0x52, 0x9a, 0xbc, 0xa2, 0xf4, 0x29, 0xbc, 0x2b, 0xbf, 0x3a,
    0xbd, 0xcc, 0x28, 0x9a, 0xbb, 0xef, 0xed, 0x49, 0x3d, 0x97, 0xd8, 0x72, 0xbd, 0x4e, 0xb2, 0x90,
    0xbd, 0xcf, 0x65, 0xc2, 0x3d, 0xe5, 0x12, 0x95, 0xbc, 0x57, 0xc3, 0x63, 0xbe, 0x6d, 0x75, 0x4e,
    0xbd, 0xa9, 0xd0, 0xc2, 0x3d, 0xb2, 0x30, 0x0b, 0xbd, 0x3e, 0xd9, 0x61, 0xbd, 0x84, 0xf4, 0x70,
    0x3c, 0xe0, 0xe7, 0xba, 0xbb, 0x62, 0x37, 0xfe, 0xbb, 0xd3, 0x8a, 0xfd, 0xbb, 0x6d, 0x9b, 0x07,
    0xbd, 0x57, 0x40, 0xf8, 0xb7, 0xa6, 0x33, 0x85, 0x3c, 0xa9, 0x9d, 0xf3, 0xbc, 0xea, 0xee, 0x00,
    0xbd, 0xba, 0x46, 0x2b, 0x3c, 0xc9, 0x91, 0x02, 0x3c, 0x21, 0x9a, 0xf8, 0xbc, 0x87, 0xa3, 0xe9,
    0xbc, 0x72, 0x05, 0x2c, 0x3c, 0x5b, 0x18, 0x92, 0x3b, 0xa4, 0xe5, 0xfb, 0xbc, 0xe1, 0x7d, 0xab,
    0xbc, 0x7b, 0x25, 0x7a, 0x38, 0xb0, 0x9e, 0x34, 0x3b, 0xae, 0x9e, 0xe8, 0xb8, 0x58, 0xe4, 0xb0,
    0x39, 0x5d, 0xb2, 0xf5, 0x39, 0xe5, 0x27, 0x2d, 0xba, 0x61, 0x37, 0xa5, 0x39, 0x08, 0x52, 0x9c,
    0x3a, 0x23, 0x61, 0x75, 0xba, 0x52, 0xac, 0xc9, 0xb9, 0xfc, 0x78, 0xe0, 0x3a, 0x2d, 0xa5, 0x46,
    0xb9, 0xba, 0x56, 0x67, 0xba, 0x27, 0xa3, 0x87, 0x3a, 0x86, 0xbd, 0xaa, 0x39, 0x81, 0x36, 0xd5,
    0xb9, 0x81, 0x5a, 0x08, 0x3a, 0x76, 0xc1, 0x0d, 0x39, 0xfc, 0x0e, 0xda, 0xb8, 0x77, 0x05, 0xf9,
    0x39, 0x1b, 0xd8, 0xb6, 0x38, 0x7e, 0x7e, 0xef, 0xb8, 0xf1, 0xf6, 0xb6, 0x39, 0xd7, 0x36, 0x89,
    0x39, 0x78, 0x6d, 0x83, 0x35, 0xa0, 0x37, 0x88, 0x38, 0xe1, 0x1b, 0x80, 0x39, 0x8c, 0x0f, 0x92,
    0x39, 0xc5, 0xe7, 0x7f, 0xb6, 0x7b, 0x35, 0x34, 0x38, 0x08, 0x6f, 0xb5, 0x39, 0xb4, 0x09, 0xcc,
    0x38, 0x0f, 0x13, 0xa5, 0x38, 0xc4, 0x4f, 0x7f, 0x39, 0x16, 0xef, 0x96, 0x3c, 0x0b, 0x02, 0x8c,
    0x3b, 0x7e, 0x73, 0xb6, 0xbc, 0x3e, 0xe7, 0x06, 0xbd, 0xce, 0x2e, 0x23, 0xbc, 0xd5, 0x71, 0xf1,
    0x3c, 0xf0, 0xbf, 0x3a, 0x3d, 0xaa, 0x5d, 0x8a, 0x3c, 0x9c, 0x93, 0x0a, 0xbd, 0x5a, 0xa3, 0x72,
    0xbd, 0x85, 0xb0, 0x0e, 0xbd, 0x30, 0x16, 0x82, 0x3c, 0x6c, 0x7b, 0x3a, 0x3d, 0x22, 0x49, 0xf8,
    0x3c, 0xa0, 0x8d, 0x15, 0xbc, 0xb0, 0xa2, 0x06, 0xbd, 0xac, 0x4d, 0xbb, 0xbc, 0xf6, 0xfd, 0x74,
    0x3b, 0x25, 0xfd, 0x96, 0x3c, 0xf2, 0xb5, 0x3e, 0x3c, 0x19, 0xb1, 0x41, 0xbb, 0xab, 0x0c, 0x11,
    0xbc, 0x70, 0x16, 0x8c, 0xbb, 0x66, 0x2a, 0xbe, 0x3a, 0x08, 0x50, 0x28, 0x3b, 0xa5, 0xf6, 0xf6,
    0x3a, 0x93, 0x74, 0x23, 0x3b, 0x0b, 0x58, 0xc2, 0x3a, 0x51, 0x3f, 0x86, 0xbb, 0xd8, 0xbf, 0x0f,
    0xbc, 0xad, 0x67, 0x51, 0xbb, 0x1e, 0xb5, 0x38, 0x3c, 0x20, 0xac, 0x0d, 0xbd, 0x1c, 0xfa, 0x39,
    0xbc, 0xca, 0xa8, 0x00, 0xbc, 0xae, 0xdd, 0x8e, 0xbb, 0x5d, 0x98, 0x2b, 0x3c, 0xa8, 0xe0, 0x71,
    0xbd, 0x84, 0xd0, 0x04, 0xbd, 0x2d, 0x16, 0xbf, 0x3d, 0x48, 0x06, 0x63, 0xbd, 0x09, 0x10, 0x62,
    0xbe, 0x80, 0x66, 0x7c, 0xbc, 0xb9, 0x57, 0xbf, 0x3d, 0xef, 0x19, 0x8b, 0xbd, 0x15, 0x62, 0x60,
    0xbd, 0x04, 0x6d, 0x44, 0x3d, 0xe7, 0x46, 0xb3, 0xbb, 0x46, 0x1f, 0x2c, 0xbd, 0x8c, 0x8b, 0x0d,
    0xbc, 0x08, 0xf7, 0xc6, 0x3a, 0x06, 0xbe, 0xb9, 0x39, 0x78, 0xdc, 0x9c, 0xbc, 0xd1, 0xf1, 0xf8,
    0xbc, 0xfc, 0x02, 0x7f, 0x3b, 0x70, 0xbc, 0x2e, 0x3c, 0x19, 0xee, 0xe5, 0xbc, 0xf9, 0xeb, 0xfc,
    0xbc, 0xe8, 0xac, 0xf1, 0x3b, 0x2e, 0xb2, 0x2f, 0x3c, 0xb6, 0x85, 0x03, 0xbd, 0x51, 0xbc, 0x00,
    0xbd, 0x40, 0xbb, 0x7f, 0x3c, 0xdb, 0xec, 0x00, 0x3a, 0x61, 0x4c, 0xf7, 0x39, 0x3d, 0xd0, 0xa4,
    0xb8, 0x32, 0x6b, 0x0b, 0x39, 0x25, 0x7d, 0xf6, 0x39, 0xe7, 0x98, 0xdb, 0xb9, 0x15, 0xa5, 0xa3,
    0x39, 0x72, 0x93, 0x76, 0x3a, 0xb7, 0x9a, 0x77, 0xba, 0xb8, 0x01, 0x50, 0xb9, 0x66, 0xac, 0xd7,
    0x3a, 0x2d, 0x35, 0xde, 0xb9, 0x85, 0x66, 0x69, 0xba, 0xd4, 0x96, 0x9d, 0x3a, 0x05, 0xe4, 0xa8,
    0x39, 0x89, 0xaf, 0x18, 0xba, 0x70, 0xf9, 0x08, 0x3a, 0xd4, 0x50, 0xb6, 0x39, 0x2e, 0x04, 0x97,
    0xb8, 0x42, 0x2a, 0x96, 0x39, 0x06, 0x6d, 0xbb, 0x38, 0xd5, 0xdd, 0xd5, 0x38, 0x29, 0xb0, 0xbe,
    0x39, 0x6d, 0x60, 0x83, 0x38, 0x5a, 0x7b, 0x08, 0x36, 0x36, 0x0c, 0x93, 0x39, 0x24, 0x27, 0x88,
    0x39, 0x90, 0xc7, 0xa1, 0x38, 0x99, 0x3e, 0x40, 0xb6, 0xdb, 0xca, 0x88, 0x39, 0x78, 0x38, 0xbd,
    0x39, 0x2a, 0x52, 0xd9, 0xb8, 0x17, 0xe7, 0xa8, 0x38, 0xf2, 0xb5, 0x3e, 0xbc, 0x25, 0xfd, 0x96,
    0xbc, 0xf6, 0xfd, 0x74, 0xbb, 0xac, 0x4d, 0xbb, 0x3c, 0xb0, 0xa2, 0x06, 0x3d, 0xa0, 0x8d, 0x15,
    0x3c, 0x22, 0x49, 0xf8, 0xbc, 0x6c, 0x7b, 0x3a, 0xbd, 0x30, 0x16, 0x82, 0xbc, 0x85, 0xb0, 0x0e,
    0x3d, 0x5a, 0xa3, 0x72, 0x3d, 0x9c, 0x93, 0x0a, 0x3d, 0xaa, 0x5d, 0x8a, 0xbc, 0xf0, 0xbf, 0x3a,
    0xbd, 0xd5, 0x71, 0xf1, 0xbc, 0xce, 0x2e, 0x23, 0x3c, 0x3e, 0xe7, 0x06, 0x3d, 0x7e, 0x73, 0xb6,
    0x3c, 0x0b, 0x02, 0x8c, 0xbb, 0x16, 0xef, 0x96, 0xbc, 0x1e, 0xb5, 0x38, 0xbc, 0xad, 0x67, 0x51,
    0x3b, 0xd8, 0xbf, 0x0f, 0x3c, 0x51, 0x3f, 0x86, 0x3b, 0x0b, 0x58, 0xc2, 0xba, 0x93, 0x74, 0x23,
    0xbb, 0xa5, 0xf6, 0xf6, 0xba, 0x08, 0x50, 0x28, 0xbb, 0x66, 0x2a, 0xbe, 0xba, 0x70, 0x16, 0x8c,
    0x3b, 0xab, 0x0c, 0x11, 0x3c, 0x19, 0xb1, 0x41, 0x3b, 0x06, 0xbe, 0xb9, 0x39, 0x08, 0xf7, 0xc6,
    0x3a, 0x8c, 0x8b, 0x0d, 0xbc, 0x46, 0x1f, 0x2c, 0xbd, 0xe7, 0x46, 0xb3, 0xbb, 0x04, 0x6d, 0x44,
    0x3d, 0x15, 0x62, 0x60, 0xbd, 0xef, 0x19, 0x8b, 0xbd, 0xb9, 0x57, 0xbf, 0x3d, 0x80, 0x66, 0x7c,
    0xbc, 0x09, 0x10, 0x62, 0xbe, 0x48, 0x06, 0x63, 0xbd, 0x2d, 0x16, 0xbf, 0x3d, 0x84, 0xd0, 0x04,
    0xbd, 0xa8, 0xe0, 0x71, 0xbd, 0x5d, 0x98, 0x2b, 0x3c, 0xae, 0xdd, 0x8e, 0xbb, 0xca, 0xa8, 0x00,
    0xbc, 0x1c, 0xfa, 0x39, 0xbc, 0x20, 0xac, 0x0d, 0xbd, 0xdb, 0xec, 0x00, 0x3a, 0x40, 0xbb, 0x7f,
    0x3c, 0x51, 0xbc, 0x00, 0xbd, 0xb6, 0x85, 0x03, 0xbd, 0x2e, 0xb2, 0x2f, 0x3c, 0xe8, 0xac, 0xf1,
    0x3b, 0xf9, 0xeb, 0xfc, 0xbc, 0x19, 0xee, 0xe5, 0xbc, 0x70, 0xbc, 0x2e, 0x3c, 0xfc, 0x02, 0x7f,
    0x3b, 0xd1, 0xf1, 0xf8, 0xbc, 0x78, 0xdc, 0x9c, 0xbc, 0x06, 0x6d, 0xbb, 0x38, 0x42, 0x2a, 0x96,
    0x39, 0x2e, 0x04, 0x97, 0xb8, 0xd4, 0x50, 0xb6, 0x39, 0x70, 0xf9, 0x08, 0x3a, 0x89, 0xaf, 0x18,
    0xba, 0x05, 0xe4, 0xa8, 0x39, 0xd4, 0x96, 0x9d, 0x3a, 0x85, 0x66, 0x69, 0xba, 0x2d, 0x35, 0xde,
    0xb9, 0x66, 0xac, 0xd7, 0x3a, 0xb8, 0x01, 0x50, 0xb9, 0xb7, 0x9a, 0x77, 0xba, 0x72, 0x93, 0x76,
    0x3a, 0x15, 0xa5, 0xa3, 0x39, 0xe7, 0x98, 0xdb, 0xb9, 0x25, 0x7d, 0xf6, 0x39, 0x32, 0x6b, 0x0b,
    0x39, 0x3d, 0xd0, 0xa4, 0xb8, 0x61, 0x4c, 0xf7, 0x39, 0x17, 0xe7, 0xa8, 0x38, 0x2a, 0x52, 0xd9,
    0xb8, 0x78, 0x38, 0xbd, 0x39, 0xdb, 0xca, 0x88, 0x39, 0x99, 0x3e, 0x40, 0xb6, 0x90, 0xc7, 0xa1,
    0x38, 0x24, 0x27, 0x88, 0x39, 0x36, 0x0c, 0x93, 0x39, 0x5a, 0x7b, 0x08, 0x36, 0x6d, 0x60, 0x83,
    0x38, 0x29, 0xb0, 0xbe, 0x39, 0xd5, 0xdd, 0xd5, 0x38, 0x5f, 0x99, 0x4e, 0xbb, 0xd1, 0xab, 0x40,
    0x3c, 0x92, 0x5b, 0x9a, 0x3c, 0x69, 0x7f, 0x82, 0x3b, 0xbe, 0xfd, 0xbd, 0xbc, 0x93, 0x80, 0x09,
    0xbd, 0xfe, 0x6d, 0x1b, 0xbc, 0x4a, 0x0a, 0xfc, 0x3c, 0x6d, 0x3b, 0x3e, 0x3d, 0xaf, 0xe5, 0x85,
    0x3c, 0x71, 0xbe, 0x10, 0xbd, 0x68, 0xca, 0x76, 0xbd, 0xcb, 0xce, 0x0c, 0xbd, 0xf7, 0xd2, 0x8d,
    0x3c, 0xe6, 0x7d, 0x3e, 0x3d, 0x32, 0x7f, 0xf5, 0x3c, 0x17, 0x7c, 0x28, 0xbc, 0x7a, 0xc3, 0x09,
    0xbd, 0x62, 0x59, 0xb9, 0xbc, 0x20, 0x4f, 0x93, 0x3b, 0x94, 0x52, 0x9a, 0x3c, 0xe2, 0xee, 0x3a,
    0x3c, 0xc5, 0xc4, 0x5d, 0xbb, 0xbc, 0x22, 0x13, 0xbc, 0xd7, 0x77, 0x86, 0xbb, 0x27, 0xa2, 0xcf,
    0x3a, 0x12, 0xfb, 0x24, 0x3b, 0x99, 0x32, 0xf0, 0x3a, 0x2c, 0x82, 0x29, 0x3b, 0xbc, 0x72, 0xcb,
    0x3a, 0xc4, 0x06, 0x8c, 0xbb, 0xcf, 0x55, 0x14, 0xbc, 0xa6, 0x33, 0x85, 0x3c, 0x57, 0x40, 0xf8,
    0xb7, 0x6d, 0x9b, 0x07, 0xbd, 0xd3, 0x8a, 0xfd, 0xbb, 0x62, 0x37, 0xfe, 0xbb, 0xe0, 0xe7, 0xba,
    0xbb, 0x84, 0xf4, 0x70, 0x3c, 0x3e, 0xd9, 0x61, 0xbd, 0xb2, 0x30, 0x0b, 0xbd, 0xa9, 0xd0, 0xc2,
    0x3d, 0x6d, 0x75, 0x4e, 0xbd, 0x57, 0xc3, 0x63, 0xbe, 0xe5, 0x12, 0x95, 0xbc, 0xcf, 0x65, 0xc2,
    0x3d, 0x4e, 0xb2, 0x90, 0xbd, 0x97, 0xd8, 0x72, 0xbd, 0xef, 0xed, 0x49, 0x3d, 0xcc, 0x28, 0x9a,
    0xbb, 0x2b, 0xbf, 0x3a, 0xbd, 0xa2, 0xf4, 0x29, 0xbc, 0xb0, 0x9e, 0x34, 0x3b, 0x7b, 0x25, 0x7a,
    0x38, 0xe1, 0x7d, 0xab, 0xbc, 0xa4, 0xe5, 0xfb, 0xbc, 0x5b, 0x18, 0x92, 0x3b, 0x72, 0x05, 0x2c,
    0x3c, 0x87, 0xa3, 0xe9, 0xbc, 0x21, 0x9a, 0xf8, 0xbc, 0xc9, 0x91, 0x02, 0x3c, 0xba, 0x46, 0x2b,
    0x3c, 0xea, 0xee, 0x00, 0xbd, 0xa9, 0x9d, 0xf3, 0xbc, 0x7e, 0x7e, 0xef, 0xb8, 0x1b, 0xd8, 0xb6,
    0x38, 0x77, 0x05, 0xf9, 0x39, 0xfc, 0x0e, 0xda, 0xb8, 0x76, 0xc1, 0x0d, 0x39, 0x81, 0x5a, 0x08,
    0x3a, 0x81, 0x36, 0xd5, 0xb9, 0x86, 0xbd, 0xaa, 0x39, 0x27, 0xa3, 0x87, 0x3a, 0xba, 0x56, 0x67,
    0xba, 0x2d, 0xa5, 0x46, 0xb9, 0xfc, 0x78, 0xe0, 0x3a, 0x52, 0xac, 0xc9, 0xb9, 0x23, 0x61, 0x75,
    0xba, 0x08, 0x52, 0x9c, 0x3a, 0x61, 0x37, 0xa5, 0x39, 0xe5, 0x27, 0x2d, 0xba, 0x5d, 0xb2, 0xf5,
    0x39, 0x58, 0xe4, 0xb0, 0x39, 0xae, 0x9e, 0xe8, 0xb8, 0xc4, 0x4f, 0x7f, 0x39, 0x0f, 0x13, 0xa5,
    0x38, 0xb4, 0x09, 0xcc, 0x38, 0x08, 0x6f, 0xb5, 0x39, 0x7b, 0x35, 0x34, 0x38, 0xc5, 0xe7, 0x7f,
    0xb6, 0x8c, 0x0f, 0x92, 0x39, 0xe1, 0x1b, 0x80, 0x39, 0xa0, 0x37, 0x88, 0x38, 0x78, 0x6d, 0x83,
    0x35, 0xd7, 0x36, 0x89, 0x39, 0xf1, 0xf6, 0xb6, 0x39, 0xbc, 0x22, 0x13, 0x3c, 0xc5, 0xc4, 0x5d,
    0x3b, 0xe2, 0xee, 0x3a, 0xbc, 0x94, 0x52, 0x9a, 0xbc, 0x20, 0x4f, 0x93, 0xbb, 0x62, 0x59, 0xb9,
    0x3c, 0x7a, 0xc3, 0x09, 0x3d, 0x17, 0x7c, 0x28, 0x3c, 0x32, 0x7f, 0xf5, 0xbc, 0xe6, 0x7d, 0x3e,
    0xbd, 0xf7, 0xd2, 0x8d, 0xbc, 0xcb, 0xce, 0x0c, 0x3d, 0x68, 0xca, 0x76, 0x3d, 0x71, 0xbe, 0x10,
    0x3d, 0xaf, 0xe5, 0x85, 0xbc, 0x6d, 0x3b, 0x3e, 0xbd, 0x4a, 0x0a, 0xfc, 0xbc, 0xfe, 0x6d, 0x1b,
    0x3c, 0x93, 0x80, 0x09, 0x3d, 0xbe, 0xfd, 0xbd, 0x3c, 0x69, 0x7f, 0x82, 0xbb, 0x92, 0x5b, 0x9a,
    0xbc, 0xd1, 0xab, 0x40, 0xbc, 0x5f, 0x99, 0x4e, 0x3b, 0xcf, 0x55, 0x14, 0x3c, 0xc4, 0x06, 0x8c,
    0x3b, 0xbc, 0x72, 0xcb, 0xba, 0x2c, 0x82, 0x29, 0xbb, 0x99, 0x32, 0xf0, 0xba, 0x12, 0xfb, 0x24,
    0xbb, 0x27, 0xa2, 0xcf, 0xba, 0xd7, 0x77, 0x86, 0x3b, 0xa4, 0xe5, 0xfb, 0xbc, 0xe1, 0x7d, 0xab,
    0xbc, 0x7b, 0x25, 0x7a, 0x38, 0xb0, 0x9e, 0x34, 0x3b, 0xa2, 0xf4, 0x29, 0xbc, 0x2b, 0xbf, 0x3a,
    0xbd, 0xcc, 0x28, 0x9a, 0xbb, 0xef, 0xed, 0x49, 0x3d, 0x97, 0xd8, 0x72, 0xbd, 0x4e, 0xb2, 0x90,
    0xbd, 0xcf, 0x65, 0xc2, 0x3d, 0xe5, 0x12, 0x95, 0xbc, 0x57, 0xc3, 0x63, 0xbe, 0x6d, 0x75, 0x4e,
    0xbd, 0xa9, 0xd0, 0xc2, 0x3d, 0xb2, 0x30, 0x0b, 0xbd, 0x3e, 0xd9, 0x61, 0xbd, 0x84, 0xf4, 0x70,
    0x3c, 0xe0, 0xe7, 0xba, 0xbb, 0x62, 0x37, 0xfe, 0xbb, 0xd3, 0x8a, 0xfd, 0xbb, 0x6d, 0x9b, 0x07,
    0xbd, 0x57, 0x40, 0xf8, 0xb7, 0xa6, 0x33, 0x85, 0x3c, 0xa9, 0x9d, 0xf3, 0xbc, 0xea, 0xee, 0x00,
    0xbd, 0xba, 0x46, 0x2b, 0x3c, 0xc9, 0x91, 0x02, 0x3c, 0x21, 0x9a, 0xf8, 0xbc, 0x87, 0xa3, 0xe9,
    0xbc, 0x72, 0x05, 0x2c, 0x3c, 0x5b, 0x18, 0x92, 0x3b, 0x08, 0x6f, 0xb5, 0x39, 0xb4, 0x09, 0xcc,
    0x38, 0x0f, 0x13, 0xa5, 0x38, 0xc4, 0x4f, 0x7f, 0x39, 0xae, 0x9e, 0xe8, 0xb8, 0x58, 0xe4, 0xb0,
    0x39, 0x5d, 0xb2, 0xf5, 0x39, 0xe5, 0x27, 0x2d, 0xba, 0x61, 0x37, 0xa5, 0x39, 0x08, 0x52, 0x9c,
    0x3a, 0x23, 0x61, 0x75, 0xba, 0x52, 0xac, 0xc9, 0xb9, 0xfc, 0x78, 0xe0, 0x3a, 0x2d, 0xa5, 0x46,
    0xb9, 0xba, 0x56, 0x67, 0xba, 0x27, 0xa3, 0x87, 0x3a, 0x86, 0xbd, 0xaa, 0x39, 0x81, 0x36, 0xd5,
    0xb9, 0x81, 0x5a, 0x08, 0x3a, 0x76, 0xc1, 0x0d, 0x39, 0xfc, 0x0e, 0xda, 0xb8, 0x77, 0x05, 0xf9,
    0x39, 0x1b, 0xd8, 0xb6, 0x38, 0x7e, 0x7e, 0xef, 0xb8, 0xf1, 0xf6, 0xb6, 0x39, 0xd7, 0x36, 0x89,
    0x39, 0x78, 0x6d, 0x83, 0x35, 0xa0, 0x37, 0x88, 0x38, 0xe1, 0x1b, 0x80, 0x39, 0x8c, 0x0f, 0x92,
    0x39, 0xc5, 0xe7, 0x7f, 0xb6, 0x7b, 0x35, 0x34, 0x38, 0x51, 0x3f, 0x86, 0xbb, 0xd8, 0xbf, 0x0f,
    0xbc, 0xad, 0x67, 0x51, 0xbb, 0x1e, 0xb5, 0x38, 0x3c, 0x16, 0xef, 0x96, 0x3c, 0x0b, 0x02, 0x8c,
    0x3b, 0x7e, 0x73, 0xb6, 0xbc, 0x3e, 0xe7, 0x06, 0xbd, 0xce, 0x2e, 0x23, 0xbc, 0xd5, 0x71, 0xf1,
    0x3c, 0xf0, 0xbf, 0x3a, 0x3d, 0xaa, 0x5d, 0x8a, 0x3c, 0x9c, 0x93, 0x0a, 0xbd, 0x5a, 0xa3, 0x72,
    0xbd, 0x85, 0xb0, 0x0e, 0xbd, 0x30, 0x16, 0x82, 0x3c, 0x6c, 0x7b, 0x3a, 0x3d, 0x22, 0x49, 0xf8,
    0x3c, 0xa0, 0x8d, 0x15, 0xbc, 0xb0, 0xa2, 0x06, 0xbd, 0xac, 0x4d, 0xbb, 0xbc, 0xf6, 0xfd, 0x74,
    0x3b, 0x25, 0xfd, 0x96, 0x3c, 0xf2, 0xb5, 0x3e, 0x3c, 0x19, 0xb1, 0x41, 0xbb, 0xab, 0x0c, 0x11,
    0xbc, 0x70, 0x16, 0x8c, 0xbb, 0x66, 0x2a, 0xbe, 0x3a, 0x08, 0x50, 0x28, 0x3b, 0xa5, 0xf6, 0xf6,
    0x3a, 0x93, 0x74, 0x23, 0x3b, 0x0b, 0x58, 0xc2, 0x3a, 0xb6, 0x85, 0x03, 0xbd, 0x51, 0xbc, 0x00,
    0xbd, 0x40, 0xbb, 0x7f, 0x3c, 0xdb, 0xec, 0x00, 0x3a, 0x20, 0xac, 0x0d, 0xbd, 0x1c, 0xfa, 0x39,
    0xbc, 0xca, 0xa8, 0x00, 0xbc, 0xae, 0xdd, 0x8e, 0xbb, 0x5d, 0x98, 0x2b, 0x3c, 0xa8, 0xe0, 0x71,
    0xbd, 0x84, 0xd0, 0x04, 0xbd, 0x2d, 0x16, 0xbf, 0x3d, 0x48, 0x06, 0x63, 0xbd, 0x09, 0x10, 0x62,
    0xbe, 0x80, 0x66, 0x7c, 0xbc, 0xb9, 0x57, 0xbf, 0x3d, 0xef, 0x19, 0x8b, 0xbd, 0x15, 0x62, 0x60,
    0xbd, 0x04, 0x6d, 0x44, 0x3d, 0xe7, 0x46, 0xb3, 0xbb, 0x46, 0x1f, 0x2c, 0xbd, 0x8c, 0x8b, 0x0d,
    0xbc, 0x08, 0xf7, 0xc6, 0x3a, 0x06, 0xbe, 0xb9, 0x39, 0x78, 0xdc, 0x9c, 0xbc, 0xd1, 0xf1, 0xf8,
    0xbc, 0xfc, 0x02, 0x7f, 0x3b, 0x70, 0xbc, 0x2e, 0x3c, 0x19, 0xee, 0xe5, 0xbc, 0xf9, 0xeb, 0xfc,
    0xbc, 0xe8, 0xac, 0xf1, 0x3b, 0x2e, 0xb2, 0x2f, 0x3c, 0xdb, 0xca, 0x88, 0x39, 0x78, 0x38, 0xbd,
    0x39, 0x2a, 0x52, 0xd9, 0xb8, 0x17, 0xe7, 0xa8, 0x38, 0x61, 0x4c, 0xf7, 0x39, 0x3d, 0xd0, 0xa4,
    0xb8, 0x32, 0x6b, 0x0b, 0x39, 0x25, 0x7d, 0xf6, 0x39, 0xe7, 0x98, 0xdb, 0xb9, 0x15, 0xa5, 0xa3,
    0x39, 0x72, 0x93, 0x76, 0x3a, 0xb7, 0x9a, 0x77, 0xba, 0xb8, 0x01, 0x50, 0xb9, 0x66, 0xac, 0xd7,
    0x3a, 0x2d, 0x35, 0xde, 0xb9, 0x85, 0x66, 0x69, 0xba, 0xd4, 0x96, 0x9d, 0x3a, 0x05, 0xe4, 0xa8,
    0x39, 0x89, 0xaf, 0x18, 0xba, 0x70, 0xf9, 0x08, 0x3a, 0xd4, 0x50, 0xb6, 0x39, 0x2e, 0x04, 0x97,
    0xb8, 0x42, 0x2a, 0x96, 0x39, 0x06, 0x6d, 0xbb, 0x38, 0xd5, 0xdd, 0xd5, 0x38, 0x29, 0xb0, 0xbe,
    0x39, 0x6d, 0x60, 0x83, 0x38, 0x5a, 0x7b, 0x08, 0x36, 0x36, 0x0c, 0x93, 0x39, 0x24, 0x27, 0x88,
    0x39, 0x90, 0xc7, 0xa1, 0x38, 0x99, 0x3e, 0x40, 0xb6, 0x66, 0x2a, 0xbe, 0xba, 0x70, 0x16, 0x8c,
    0x3b, 0xab, 0x0c, 0x11, 0x3c, 0x19, 0xb1, 0x41, 0x3b, 0xf2, 0xb5, 0x3e, 0xbc, 0x25, 0xfd, 0x96,
    0xbc, 0xf6, 0xfd, 0x74, 0xbb, 0xac, 0x4d, 0xbb, 0x3c, 0xb0, 0xa2, 0x06, 0x3d, 0xa0, 0x8d, 0x15,
    0x3c, 0x22, 0x49, 0xf8, 0xbc, 0x6c, 0x7b, 0x3a, 0xbd, 0x30, 0x16, 0x82, 0xbc, 0x85, 0xb0, 0x0e,
    0x3d, 0x5a, 0xa3, 0x72, 0x3d, 0x9c, 0x93, 0x0a, 0x3d, 0xaa, 0x5d, 0x8a, 0xbc, 0xf0, 0xbf, 0x3a,
    0xbd, 0xd5, 0x71, 0xf1, 0xbc, 0xce, 0x2e, 0x23, 0x3c, 0x3e, 0xe7, 0x06, 0x3d, 0x7e, 0x73, 0xb6,
    0x3c, 0x0b, 0x02, 0x8c, 0xbb, 0x16, 0xef, 0x96, 0xbc, 0x1e, 0xb5, 0x38, 0xbc, 0xad, 0x67, 0x51,
    0x3b, 0xd8, 0xbf, 0x0f, 0x3c, 0x51, 0x3f, 0x86, 0x3b, 0x0b, 0x58, 0xc2, 0xba, 0x93, 0x74, 0x23,
    0xbb, 0xa5, 0xf6, 0xf6, 0xba, 0x08, 0x50, 0x28, 0xbb, 0x70, 0xbc, 0x2e, 0x3c, 0xfc, 0x02, 0x7f,
    0x3b, 0xd1, 0xf1, 0xf8, 0xbc, 0x78, 0xdc, 0x9c, 0xbc, 0x06, 0xbe, 0xb9, 0x39, 0x08, 0xf7, 0xc6,
    0x3a, 0x8c, 0x8b, 0x0d, 0xbc, 0x46, 0x1f, 0x2c, 0xbd, 0xe7, 0x46, 0xb3, 0xbb, 0x04, 0x6d, 0x44,
    0x3d, 0x15, 0x62, 0x60, 0xbd, 0xef, 0x19, 0x8b, 0xbd, 0xb9, 0x57, 0xbf, 0x3d, 0x80, 0x66, 0x7c,
    0xbc, 0x09, 0x10, 0x62, 0xbe, 0x48, 0x06, 0x63, 0xbd, 0x2d, 0x16, 0xbf, 0x3d, 0x84, 0xd0, 0x04,
    0xbd, 0xa8, 0xe0, 0x71, 0xbd, 0x5d, 0x98, 0x2b, 0x3c, 0xae, 0xdd, 0x8e, 0xbb, 0xca, 0xa8, 0x00,
    0xbc, 0x1c, 0xfa, 0x39, 0xbc, 0x20, 0xac, 0x0d, 0xbd, 0xdb, 0xec, 0x00, 0x3a, 0x40, 0xbb, 0x7f,
    0x3c, 0x51, 0xbc, 0x00, 0xbd, 0xb6, 0x85, 0x03, 0xbd, 0x2e, 0xb2, 0x2f, 0x3c, 0xe8, 0xac, 0xf1,
    0x3b, 0xf9, 0xeb, 0xfc, 0xbc, 0x19, 0xee, 0xe5, 0xbc, 0x5a, 0x7b, 0x08, 0x36, 0x6d, 0x60, 0x83,
    0x38, 0x29, 0xb0, 0xbe, 0x39, 0xd5, 0xdd, 0xd5, 0x38, 0x06, 0x6d, 0xbb, 0x38, 0x42, 0x2a, 0x96,
    0x39, 0x2e, 0x04, 0x97, 0xb8, 0xd4, 0x50, 0xb6, 0x39, 0x70, 0xf9, 0x08, 0x3a, 0x89, 0xaf, 0x18,
    0xba, 0x05, 0xe4, 0xa8, 0x39, 0xd4, 0x96, 0x9d, 0x3a, 0x85, 0x66, 0x69, 0xba, 0x2d, 0x35, 0xde,
    0xb9, 0x66, 0xac, 0xd7, 0x3a, 0xb8, 0x01, 0x50, 0xb9, 0xb7, 0x9a, 0x77, 0xba, 0x72, 0x93, 0x76,
    0x3a, 0x15, 0xa5, 0xa3, 0x39, 0xe7, 0x98, 0xdb, 0xb9, 0x25, 0x7d, 0xf6, 0x39, 0x32, 0x6b, 0x0b,
    0x39, 0x3d, 0xd0, 0xa4, 0xb8, 0x61, 0x4c, 0xf7, 0x39, 0x17, 0xe7, 0xa8, 0x38, 0x2a, 0x52, 0xd9,
    0xb8, 0x78, 0x38, 0xbd, 0x39, 0xdb, 0xca, 0x88, 0x39, 0x99, 0x3e, 0x40, 0xb6, 0x90, 0xc7, 0xa1,
    0x38, 0x24, 0x27, 0x88, 0x39, 0x36, 0x0c, 0x93, 0x39, 0x2c, 0x82, 0x29, 0x3b, 0xbc, 0x72, 0xcb,
    0x3a, 0xc4, 0x06, 0x8c, 0xbb, 0xcf, 0x55, 0x14, 0xbc, 0x5f, 0x99, 0x4e, 0xbb, 0xd1, 0xab, 0x40,
    0x3c, 0x92, 0x5b, 0x9a, 0x3c, 0x69, 0x7f, 0x82, 0x3b, 0xbe, 0xfd, 0xbd, 0xbc, 0x93, 0x80, 0x09,
    0xbd, 0xfe, 0x6d, 0x1b, 0xbc, 0x4a, 0x0a, 0xfc, 0x3c, 0x6d, 0x3b, 0x3e, 0x3d, 0xaf, 0xe5, 0x85,
    0x3c, 0x71, 0xbe, 0x10, 0xbd, 0x68, 0xca, 0x76, 0xbd, 0xcb, 0xce, 0x0c, 0xbd, 0xf7, 0xd2, 0x8d,
    0x3c, 0xe6, 0x7d, 0x3e, 0x3d, 0x32, 0x7f, 0xf5, 0x3c, 0x17, 0x7c, 0x28, 0xbc, 0x7a, 0xc3, 0x09,
    0xbd, 0x62, 0x59, 0xb9, 0xbc, 0x20, 0x4f, 0x93, 0x3b, 0x94, 0x52, 0x9a, 0x3c, 0xe2, 0xee, 0x3a,
    0x3c, 0xc5, 0xc4, 0x5d, 0xbb, 0xbc, 0x22, 0x13, 0xbc, 0xd7, 0x77, 0x86, 0xbb, 0x27, 0xa2, 0xcf,
    0x3a, 0x12, 0xfb, 0x24, 0x3b, 0x99, 0x32, 0xf0, 0x3a, 0xc9, 0x91, 0x02, 0x3c, 0xba, 0x46, 0x2b,
    0x3c, 0xea, 0xee, 0x00, 0xbd, 0xa9, 0x9d, 0xf3, 0xbc, 0xa6, 0x33, 0x85, 0x3c, 0x57, 0x40, 0xf8,
    0xb7, 0x6d, 0x9b, 0x07, 0xbd, 0xd3, 0x8a, 0xfd, 0xbb, 0x62, 0x37, 0xfe, 0xbb, 0xe0, 0xe7, 0xba,
    0xbb, 0x84, 0xf4, 0x70, 0x3c, 0x3e, 0xd9, 0x61, 0xbd, 0xb2, 0x30, 0x0b, 0xbd, 0xa9, 0xd0, 0xc2,
    0x3d, 0x6d, 0x75, 0x4e, 0xbd, 0x57, 0xc3, 0x63, 0xbe, 0xe5, 0x12, 0x95, 0xbc, 0xcf, 0x65, 0xc2,
    0x3d, 0x4e, 0xb2, 0x90, 0xbd, 0x97, 0xd8, 0x72, 0xbd, 0xef, 0xed, 0x49, 0x3d, 0xcc, 0x28, 0x9a,
    0xbb, 0x2b, 0xbf, 0x3a, 0xbd, 0xa2, 0xf4, 0x29, 0xbc, 0xb0, 0x9e, 0x34, 0x3b, 0x7b, 0x25, 0x7a,
    0x38, 0xe1, 0x7d, 0xab, 0xbc, 0xa4, 0xe5, 0xfb, 0xbc, 0x5b, 0x18, 0x92, 0x3b, 0x72, 0x05, 0x2c,
    0x3c, 0x87, 0xa3, 0xe9, 0xbc, 0x21, 0x9a, 0xf8, 0xbc, 0xa0, 0x37, 0x88, 0x38, 0x78, 0x6d, 0x83,
    0x35, 0xd7, 0x36, 0x89, 0x39, 0xf1, 0xf6, 0xb6, 0x39, 0x7e, 0x7e, 0xef, 0xb8, 0x1b, 0xd8, 0xb6,
    0x38, 0x77, 0x05, 0xf9, 0x39, 0xfc, 0x0e, 0xda, 0xb8, 0x76, 0xc1, 0x0d, 0x39, 0x81, 0x5a, 0x08,
    0x3a, 0x81, 0x36, 0xd5, 0xb9, 0x86, 0xbd, 0xaa, 0x39, 0x27, 0xa3, 0x87, 0x3a, 0xba, 0x56, 0x67,
    0xba, 0x2d, 0xa5, 0x46, 0xb9, 0xfc, 0x78, 0xe0, 0x3a, 0x52, 0xac, 0xc9, 0xb9, 0x23, 0x61, 0x75,
    0xba, 0x08, 0x52, 0x9c, 0x3a, 0x61, 0x37, 0xa5, 0x39, 0xe5, 0x27, 0x2d, 0xba, 0x5d, 0xb2, 0xf5,
    0x39, 0x58, 0xe4, 0xb0, 0x39, 0xae, 0x9e, 0xe8, 0xb8, 0xc4, 0x4f, 0x7f, 0x39, 0x0f, 0x13, 0xa5,
    0x38, 0xb4, 0x09, 0xcc, 0x38, 0x08, 0x6f, 0xb5, 0x39, 0x7b, 0x35, 0x34, 0x38, 0xc5, 0xe7, 0x7f,
    0xb6, 0x8c, 0x0f, 0x92, 0x39, 0xe1, 0x1b, 0x80, 0x39, 0x99, 0x32, 0xf0, 0xba, 0x12, 0xfb, 0x24,
    0xbb, 0x27, 0xa2, 0xcf, 0xba, 0xd7, 0x77, 0x86, 0x3b, 0xbc, 0x22, 0x13, 0x3c, 0xc5, 0xc4, 0x5d,
    0x3b, 0xe2, 0xee, 0x3a, 0xbc, 0x94, 0x52, 0x9a, 0xbc, 0x20, 0x4f, 0x93, 0xbb, 0x62, 0x59, 0xb9,
    0x3c, 0x7a, 0xc3, 0x09, 0x3d, 0x17, 0x7c, 0x28, 0x3c, 0x32, 0x7f, 0xf5, 0xbc, 0xe6, 0x7d, 0x3e,
    0xbd, 0xf7, 0xd2, 0x8d, 0xbc, 0xcb, 0xce, 0x0c, 0x3d, 0x68, 0xca, 0x76, 0x3d, 0x71, 0xbe, 0x10,
    0x3d, 0xaf, 0xe5, 0x85, 0xbc, 0x6d, 0x3b, 0x3e, 0xbd, 0x4a, 0x0a, 0xfc, 0xbc, 0xfe, 0x6d, 0x1b,
    0x3c, 0x93, 0x80, 0x09, 0x3d, 0xbe, 0xfd, 0xbd, 0x3c, 0x69, 0x7f, 0x82, 0xbb, 0x92, 0x5b, 0x9a,
    0xbc, 0xd1, 0xab, 0x40, 0xbc, 0x5f, 0x99, 0x4e, 0x3b, 0xcf, 0x55, 0x14, 0x3c, 0xc4, 0x06, 0x8c,
    0x3b, 0xbc, 0x72, 0xcb, 0xba, 0x2c, 0x82, 0x29, 0xbb, 0x21, 0x9a, 0xf8, 0xbc, 0x87, 0xa3, 0xe9,
    0xbc, 0x72, 0x05, 0x2c, 0x3c, 0x5b, 0x18, 0x92, 0x3b, 0xa4, 0xe5, 0xfb, 0xbc, 0xe1, 0x7d, 0xab,
    0xbc, 0x7b, 0x25, 0x7a, 0x38, 0xb0, 0x9e, 0x34, 0x3b, 0xa2, 0xf4, 0x29, 0xbc, 0x2b, 0xbf, 0x3a,
    0xbd, 0xcc, 0x28, 0x9a, 0xbb, 0xef, 0xed, 0x49, 0x3d, 0x97, 0xd8, 0x72, 0xbd, 0x4e, 0xb2, 0x90,
    0xbd, 0xcf, 0x65, 0xc2, 0x3d, 0xe5, 0x12, 0x95, 0xbc, 0x57, 0xc3, 0x63, 0xbe, 0x6d, 0x75, 0x4e,
    0xbd, 0xa9, 0xd0, 0xc2, 0x3d, 0xb2, 0x30, 0x0b, 0xbd, 0x3e, 0xd9, 0x61, 0xbd, 0x84, 0xf4, 0x70,
    0x3c, 0xe0, 0xe7, 0xba, 0xbb, 0x62, 0x37, 0xfe, 0xbb, 0xd3, 0x8a, 0xfd, 0xbb, 0x6d, 0x9b, 0x07,
    0xbd, 0x57, 0x40, 0xf8, 0xb7, 0xa6, 0x33, 0x85, 0x3c, 0xa9, 0x9d, 0xf3, 0xbc, 0xea, 0xee, 0x00,
    0xbd, 0xba, 0x46, 0x2b, 0x3c, 0xc9, 0x91, 0x02, 0x3c, 0xe1, 0x1b, 0x80, 0x39, 0x8c, 0x0f, 0x92,
    0x39, 0xc5, 0xe7, 0x7f, 0xb6, 0x7b, 0x35, 0x34, 0x38, 0x08, 0x6f, 0xb5, 0x39, 0xb4, 0x09, 0xcc,
    0x38, 0x0f, 0x13, 0xa5, 0x38, 0xc4, 0x4f, 0x7f, 0x39, 0xae, 0x9e, 0xe8, 0xb8, 0x58, 0xe4, 0xb0,
    0x39, 0x5d, 0xb2, 0xf5, 0x39, 0xe5, 0x27, 0x2d, 0xba, 0x61, 0x37, 0xa5, 0x39, 0x08, 0x52, 0x9c,
    0x3a, 0x23, 0x61, 0x75, 0xba, 0x52, 0xac, 0xc9, 0xb9, 0xfc, 0x78, 0xe0, 0x3a, 0x2d, 0xa5, 0x46,
    0xb9, 0xba, 0x56, 0x67, 0xba, 0x27, 0xa3, 0x87, 0x3a, 0x86, 0xbd, 0xaa, 0x39, 0x81, 0x36, 0xd5,
    0xb9, 0x81, 0x5a, 0x08, 0x3a, 0x76, 0xc1, 0x0d, 0x39, 0xfc, 0x0e, 0xda, 0xb8, 0x77, 0x05, 0xf9,
    0x39, 0x1b, 0xd8, 0xb6, 0x38, 0x7e, 0x7e, 0xef, 0xb8, 0xf1, 0xf6, 0xb6, 0x39, 0xd7, 0x36, 0x89,
    0x39, 0x78, 0x6d, 0x83, 0x35, 0xa0, 0x37, 0x88, 0x38, 0x08, 0x50, 0x28, 0x3b, 0xa5, 0xf6, 0xf6,
    0x3a, 0x93, 0x74, 0x23, 0x3b, 0x0b, 0x58, 0xc2, 0x3a, 0x51, 0x3f, 0x86, 0xbb, 0xd8, 0xbf, 0x0f,
    0xbc, 0xad, 0x67, 0x51, 0xbb, 0x1e, 0xb5, 0x38, 0x3c, 0x16, 0xef, 0x96, 0x3c, 0x0b, 0x02, 0x8c,
    0x3b, 0x7e, 0x73, 0xb6, 0xbc, 0x3e, 0xe7, 0x06, 0xbd, 0xce, 0x2e, 0x23, 0xbc, 0xd5, 0x71, 0xf1,
    0x3c, 0xf0, 0xbf, 0x3a, 0x3d, 0xaa, 0x5d, 0x8a, 0x3c, 0x9c, 0x93, 0x0a, 0xbd, 0x5a, 0xa3, 0x72,
    0xbd, 0x85, 0xb0, 0x0e, 0xbd, 0x30, 0x16, 0x82, 0x3c, 0x6c, 0x7b, 0x3a, 0x3d, 0x22, 0x49, 0xf8,
    0x3c, 0xa0, 0x8d, 0x15, 0xbc, 0xb0, 0xa2, 0x06, 0xbd, 0xac, 0x4d, 0xbb, 0xbc, 0xf6, 0xfd, 0x74,
    0x3b, 0x25, 0xfd, 0x96, 0x3c, 0xf2, 0xb5, 0x3e, 0x3c, 0x19, 0xb1, 0x41, 0xbb, 0xab, 0x0c, 0x11,
    0xbc, 0x70, 0x16, 0x8c, 0xbb, 0x66, 0x2a, 0xbe, 0x3a, 0x19, 0xee, 0xe5, 0xbc, 0xf9, 0xeb, 0xfc,
    0xbc, 0xe8, 0xac, 0xf1, 0x3b, 0x2e, 0xb2, 0x2f, 0x3c, 0xb6, 0x85, 0x03, 0xbd, 0x51, 0xbc, 0x00,
    0xbd, 0x40, 0xbb, 0x7f, 0x3c, 0xdb, 0xec, 0x00, 0x3a, 0x20, 0xac, 0x0d, 0xbd, 0x1c, 0xfa, 0x39,
    0xbc, 0xca, 0xa8, 0x00, 0xbc, 0xae, 0xdd, 0x8e, 0xbb, 0x5d, 0x98, 0x2b, 0x3c, 0xa8, 0xe0, 0x71,
    0xbd, 0x84, 0xd0, 0x04, 0xbd, 0x2d, 0x16, 0xbf, 0x3d, 0x48, 0x06, 0x63, 0xbd, 0x09, 0x10, 0x62,
    0xbe, 0x80, 0x66, 0x7c, 0xbc, 0xb9, 0x57, 0xbf, 0x3d, 0xef, 0x19, 0x8b, 0xbd, 0x15, 0x62, 0x60,
    0xbd, 0x04, 0x6d, 0x44, 0x3d, 0xe7, 0x46, 0xb3, 0xbb, 0x46, 0x1f, 0x2c, 0xbd, 0x8c, 0x8b, 0x0d,
    0xbc, 0x08, 0xf7, 0xc6, 0x3a, 0x06, 0xbe, 0xb9, 0x39, 0x78, 0xdc, 0x9c, 0xbc, 0xd1, 0xf1, 0xf8,
    0xbc, 0xfc, 0x02, 0x7f, 0x3b, 0x70, 0xbc, 0x2e, 0x3c, 0x36, 0x0c, 0x93, 0x39, 0x24, 0x27, 0x88,
    0x39, 0x90, 0xc7, 0xa1, 0x38, 0x99, 0x3e, 0x40, 0xb6, 0xdb, 0xca, 0x88, 0x39, 0x78, 0x38, 0xbd,
    0x39, 0x2a, 0x52, 0xd9, 0xb8, 0x17, 0xe7, 0xa8, 0x38, 0x61, 0x4c, 0xf7, 0x39, 0x3d, 0xd0, 0xa4,
    0xb8, 0x32, 0x6b, 0x0b, 0x39, 0x25, 0x7d, 0xf6, 0x39, 0xe7, 0x98, 0xdb, 0xb9, 0x15, 0xa5, 0xa3,
    0x39, 0x72, 0x93, 0x76, 0x3a, 0xb7, 0x9a, 0x77, 0xba, 0xb8, 0x01, 0x50, 0xb9, 0x66, 0xac, 0xd7,
    0x3a, 0x2d, 0x35, 0xde, 0xb9, 0x85, 0x66, 0x69, 0xba, 0xd4, 0x96, 0x9d, 0x3a, 0x05, 0xe4, 0xa8,
    0x39, 0x89, 0xaf, 0x18, 0xba, 0x70, 0xf9, 0x08, 0x3a, 0xd4, 0x50, 0xb6, 0x39, 0x2e, 0x04, 0x97,
    0xb8, 0x42, 0x2a, 0x96, 0x39, 0x06, 0x6d, 0xbb, 0x38, 0xd5, 0xdd, 0xd5, 0x38, 0x29, 0xb0, 0xbe,
    0x39, 0x6d, 0x60, 0x83, 0x38, 0x5a, 0x7b, 0x08, 0x36, 0x0b, 0x58, 0xc2, 0xba, 0x93, 0x74, 0x23,
    0xbb, 0xa5, 0xf6, 0xf6, 0xba, 0x08, 0x50, 0x28, 0xbb, 0x66, 0x2a, 0xbe, 0xba, 0x70, 0x16, 0x8c,
    0x3b, 0xab, 0x0c, 0x11, 0x3c, 0x19, 0xb1, 0x41, 0x3b, 0xf2, 0xb5, 0x3e, 0xbc, 0x25, 0xfd, 0x96,
    0xbc, 0xf6, 0xfd, 0x74, 0xbb, 0xac, 0x4d, 0xbb, 0x3c, 0xb0, 0xa2, 0x06, 0x3d, 0xa0, 0x8d, 0x15,
    0x3c, 0x22, 0x49, 0xf8, 0xbc, 0x6c, 0x7b, 0x3a, 0xbd, 0x30, 0x16, 0x82, 0xbc, 0x85, 0xb0, 0x0e,
    0x3d, 0x5a, 0xa3, 0x72, 0x3d, 0x9c, 0x93, 0x0a, 0x3d, 0xaa, 0x5d, 0x8a, 0xbc, 0xf0, 0xbf, 0x3a,
    0xbd, 0xd5, 0x71, 0xf1, 0xbc, 0xce, 0x2e, 0x23, 0x3c, 0x3e, 0xe7, 0x06, 0x3d, 0x7e, 0x73, 0xb6,
    0x3c, 0x0b, 0x02, 0x8c, 0xbb, 0x16, 0xef, 0x96, 0xbc, 0x1e, 0xb5, 0x38, 0xbc, 0xad, 0x67, 0x51,
    0x3b, 0xd8, 0xbf, 0x0f, 0x3c, 0x51, 0x3f, 0x86, 0x3b, 0x2e, 0xb2, 0x2f, 0x3c, 0xe8, 0xac, 0xf1,
    0x3b, 0xf9, 0xeb, 0xfc, 0xbc, 0x19, 0xee, 0xe5, 0xbc, 0x70, 0xbc, 0x2e, 0x3c, 0xfc, 0x02, 0x7f,
    0x3b, 0xd1, 0xf1, 0xf8, 0xbc, 0x78, 0xdc, 0x9c, 0xbc, 0x06, 0xbe, 0xb9, 0x39, 0x08, 0xf7, 0xc6,
    0x3a, 0x8c, 0x8b, 0x0d, 0xbc, 0x46, 0x1f, 0x2c, 0xbd, 0xe7, 0x46, 0xb3, 0xbb, 0x04, 0x6d, 0x44,
    0x3d, 0x15, 0x62, 0x60, 0xbd, 0xef, 0x19, 0x8b, 0xbd, 0xb9, 0x57, 0xbf, 0x3d, 0x80, 0x66, 0x7c,
    0xbc, 0x09, 0x10, 0x62, 0xbe, 0x48, 0x06, 0x63, 0xbd, 0x2d, 0x16, 0xbf, 0x3d, 0x84, 0xd0, 0x04,
    0xbd, 0xa8, 0xe0, 0x71, 0xbd, 0x5d, 0x98, 0x2b, 0x3c, 0xae, 0xdd, 0x8e, 0xbb, 0xca, 0xa8, 0x00,
    0xbc, 0x1c, 0xfa, 0x39, 0xbc, 0x20, 0xac, 0x0d, 0xbd, 0xdb, 0xec, 0x00, 0x3a, 0x40, 0xbb, 0x7f,
    0x3c, 0x51, 0xbc, 0x00, 0xbd, 0xb6, 0x85, 0x03, 0xbd, 0x99, 0x3e, 0x40, 0xb6, 0x90, 0xc7, 0xa1,
    0x38, 0x24, 0x27, 0x88, 0x39, 0x36, 0x0c, 0x93, 0x39, 0x5a, 0x7b, 0x08, 0x36, 0x6d, 0x60, 0x83,
    0x38, 0x29, 0xb0, 0xbe, 0x39, 0xd5, 0xdd, 0xd5, 0x38, 0x06, 0x6d, 0xbb, 0x38, 0x42, 0x2a, 0x96,
    0x39, 0x2e, 0x04, 0x97, 0xb8, 0xd4, 0x50, 0xb6, 0x39, 0x70, 0xf9, 0x08, 0x3a, 0x89, 0xaf, 0x18,
    0xba, 0x05, 0xe4, 0xa8, 0x39, 0xd4, 0x96, 0x9d, 0x3a, 0x85, 0x66, 0x69, 0xba, 0x2d, 0x35, 0xde,
    0xb9, 0x66, 0xac, 0xd7, 0x3a, 0xb8, 0x01, 0x50, 0xb9, 0xb7, 0x9a, 0x77, 0xba, 0x72, 0x93, 0x76,
    0x3a, 0x15, 0xa5, 0xa3, 0x39, 0xe7, 0x98, 0xdb, 0xb9, 0x25, 0x7d, 0xf6, 0x39, 0x32, 0x6b, 0x0b,
    0x39, 0x3d, 0xd0, 0xa4, 0xb8, 0x61, 0x4c, 0xf7, 0x39, 0x17, 0xe7, 0xa8, 0x38, 0x2a, 0x52, 0xd9,
    0xb8, 0x78, 0x38, 0xbd, 0x39, 0xdb, 0xca, 0x88, 0x39, 0xd7, 0x77, 0x86, 0xbb, 0x27, 0xa2, 0xcf,
    0x3a, 0x12, 0xfb, 0x24, 0x3b, 0x99, 0x32, 0xf0, 0x3a, 0x2c, 0x82, 0x29, 0x3b, 0xbc, 0x72, 0xcb,
    0x3a, 0xc4, 0x06, 0x8c, 0xbb, 0xcf, 0x55, 0x14, 0xbc, 0x5f, 0x99, 0x4e, 0xbb, 0xd1, 0xab, 0x40,
    0x3c, 0x92, 0x5b, 0x9a, 0x3c, 0x69, 0x7f, 0x82, 0x3b, 0xbe, 0xfd, 0xbd, 0xbc, 0x93, 0x80, 0x09,
    0xbd, 0xfe, 0x6d, 0x1b, 0xbc, 0x4a, 0x0a, 0xfc, 0x3c, 0x6d, 0x3b, 0x3e, 0x3d, 0xaf, 0xe5, 0x85,
    0x3c, 0x71, 0xbe, 0x10, 0xbd, 0x68, 0xca, 0x76, 0xbd, 0xcb, 0xce, 0x0c, 0xbd, 0xf7, 0xd2, 0x8d,
    0x3c, 0xe6, 0x7d, 0x3e, 0x3d, 0x32, 0x7f, 0xf5, 0x3c, 0x17, 0x7c, 0x28, 0xbc, 0x7a, 0xc3, 0x09,
    0xbd, 0x62, 0x59, 0xb9, 0xbc, 0x20, 0x4f, 0x93, 0x3b, 0x94, 0x52, 0x9a, 0x3c, 0xe2, 0xee, 0x3a,
    0x3c, 0xc5, 0xc4, 0x5d, 0xbb, 0xbc, 0x22, 0x13, 0xbc, 0x5b, 0x18, 0x92, 0x3b, 0x72, 0x05, 0x2c,
    0x3c, 0x87, 0xa3, 0xe9, 0xbc, 0x21, 0x9a, 0xf8, 0xbc, 0xc9, 0x91, 0x02, 0x3c, 0xba, 0x46, 0x2b,
    0x3c, 0xea, 0xee, 0x00, 0xbd, 0xa9, 0x9d, 0xf3, 0xbc, 0xa6, 0x33, 0x85, 0x3c, 0x57, 0x40, 0xf8,
    0xb7, 0x6d, 0x9b, 0x07, 0xbd, 0xd3, 0x8a, 0xfd, 0xbb, 0x62, 0x37, 0xfe, 0xbb, 0xe0, 0xe7, 0xba,
    0xbb, 0x84, 0xf4, 0x70, 0x3c, 0x3e, 0xd9, 0x61, 0xbd, 0xb2, 0x30, 0x0b, 0xbd, 0xa9, 0xd0, 0xc2,
    0x3d, 0x6d, 0x75, 0x4e, 0xbd, 0x57, 0xc3, 0x63, 0xbe, 0xe5, 0x12, 0x95, 0xbc, 0xcf, 0x65, 0xc2,
    0x3d, 0x4e, 0xb2, 0x90, 0xbd, 0x97, 0xd8, 0x72, 0xbd, 0xef, 0xed, 0x49, 0x3d, 0xcc, 0x28, 0x9a,
    0xbb, 0x2b, 0xbf, 0x3a, 0xbd, 0xa2, 0xf4, 0x29, 0xbc, 0xb0, 0x9e, 0x34, 0x3b, 0x7b, 0x25, 0x7a,
    0x38, 0xe1, 0x7d, 0xab, 0xbc, 0xa4, 0xe5, 0xfb, 0xbc, 0x7b, 0x35, 0x34, 0x38, 0xc5, 0xe7, 0x7f,
    0xb6, 0x8c, 0x0f, 0x92, 0x39, 0xe1, 0x1b, 0x80, 0x39, 0xa0, 0x37, 0x88, 0x38, 0x78, 0x6d, 0x83,
    0x35, 0xd7, 0x36, 0x89, 0x39, 0xf1, 0xf6, 0xb6, 0x39, 0x7e, 0x7e, 0xef, 0xb8, 0x1b, 0xd8, 0xb6,
    0x38, 0x77, 0x05, 0xf9, 0x39, 0xfc, 0x0e, 0xda, 0xb8, 0x76, 0xc1, 0x0d, 0x39, 0x81, 0x5a, 0x08,
    0x3a, 0x81, 0x36, 0xd5, 0xb9, 0x86, 0xbd, 0xaa, 0x39, 0x27, 0xa3, 0x87, 0x3a, 0xba, 0x56, 0x67,
    0xba, 0x2d, 0xa5, 0x46, 0xb9, 0xfc, 0x78, 0xe0, 0x3a, 0x52, 0xac, 0xc9, 0xb9, 0x23, 0x61, 0x75,
    0xba, 0x08, 0x52, 0x9c, 0x3a, 0x61, 0x37, 0xa5, 0x39, 0xe5, 0x27, 0x2d, 0xba, 0x5d, 0xb2, 0xf5,
    0x39, 0x58, 0xe4, 0xb0, 0x39, 0xae, 0x9e, 0xe8, 0xb8, 0xc4, 0x4f, 0x7f, 0x39, 0x0f, 0x13, 0xa5,
    0x38, 0xb4, 0x09, 0xcc, 0x38, 0x08, 0x6f, 0xb5, 0x39, 0xcf, 0x55, 0x14, 0x3c, 0xc4, 0x06, 0x8c,
    0x3b, 0xbc, 0x72, 0xcb, 0xba, 0x2c, 0x82, 0x29, 0xbb, 0x99, 0x32, 0xf0, 0xba, 0x12, 0xfb, 0x24,
    0xbb, 0x27, 0xa2, 0xcf, 0xba, 0xd7, 0x77, 0x86, 0x3b, 0xbc, 0x22, 0x13, 0x3c, 0xc5, 0xc4, 0x5d,
    0x3b, 0xe2, 0xee, 0x3a, 0xbc, 0x94, 0x52, 0x9a, 0xbc, 0x20, 0x4f, 0x93, 0xbb, 0x62, 0x59, 0xb9,
    0x3c, 0x7a, 0xc3, 0x09, 0x3d, 0x17, 0x7c, 0x28, 0x3c, 0x32, 0x7f, 0xf5, 0xbc, 0xe6, 0x7d, 0x3e,
    0xbd, 0xf7, 0xd2, 0x8d, 0xbc, 0xcb, 0xce, 0x0c, 0x3d, 0x68, 0xca, 0x76, 0x3d, 0x71, 0xbe, 0x10,
    0x3d, 0xaf, 0xe5, 0x85, 0xbc, 0x6d, 0x3b, 0x3e, 0xbd, 0x4a, 0x0a, 0xfc, 0xbc, 0xfe, 0x6d, 0x1b,
    0x3c, 0x93, 0x80, 0x09, 0x3d, 0xbe, 0xfd, 0xbd, 0x3c, 0x69, 0x7f, 0x82, 0xbb, 0x92, 0x5b, 0x9a,
    0xbc, 0xd1, 0xab, 0x40, 0xbc, 0x5f, 0x99, 0x4e, 0x3b, 0xa9, 0x9d, 0xf3, 0xbc, 0xea, 0xee, 0x00,
    0xbd, 0xba, 0x46, 0x2b, 0x3c, 0xc9, 0x91, 0x02, 0x3c, 0x21, 0x9a, 0xf8, 0xbc, 0x87, 0xa3, 0xe9,
    0xbc, 0x72, 0x05, 0x2c, 0x3c, 0x5b, 0x18, 0x92, 0x3b, 0xa4, 0xe5, 0xfb, 0xbc, 0xe1, 0x7d, 0xab,
    0xbc, 0x7b, 0x25, 0x7a, 0x38, 0xb0, 0x9e, 0x34, 0x3b, 0xa2, 0xf4, 0x29, 0xbc, 0x2b, 0xbf, 0x3a,
    0xbd, 0xcc, 0x28, 0x9a, 0xbb, 0xef, 0xed, 0x49, 0x3d, 0x97, 0xd8, 0x72, 0xbd, 0x4e, 0xb2, 0x90,
    0xbd, 0xcf, 0x65, 0xc2, 0x3d, 0xe5, 0x12, 0x95, 0xbc, 0x57, 0xc3, 0x63, 0xbe, 0x6d, 0x75, 0x4e,
    0xbd, 0xa9, 0xd0, 0xc2, 0x3d, 0xb2, 0x30, 0x0b, 0xbd, 0x3e, 0xd9, 0x61, 0xbd, 0x84, 0xf4, 0x70,
    0x3c, 0xe0, 0xe7, 0xba, 0xbb, 0x62, 0x37, 0xfe, 0xbb, 0xd3, 0x8a, 0xfd, 0xbb, 0x6d, 0x9b, 0x07,
    0xbd, 0x57, 0x40, 0xf8, 0xb7, 0xa6, 0x33, 0x85, 0x3c, 0xf1, 0xf6, 0xb6, 0x39, 0xd7, 0x36, 0x89,
    0x39, 0x78, 0x6d, 0x83, 0x35, 0xa0, 0x37, 0x88, 0x38, 0xe1, 0x1b, 0x80, 0x39, 0x8c, 0x0f, 0x92,
    0x39, 0xc5, 0xe7, 0x7f, 0xb6, 0x7b, 0x35, 0x34, 0x38, 0x08, 0x6f, 0xb5, 0x39, 0xb4, 0x09, 0xcc,
    0x38, 0x0f, 0x13, 0xa5, 0x38, 0xc4, 0x4f, 0x7f, 0x39, 0xae, 0x9e, 0xe8, 0xb8, 0x58, 0xe4, 0xb0,
    0x39, 0x5d, 0xb2, 0xf5, 0x39, 0xe5, 0x27, 0x2d, 0xba, 0x61, 0x37, 0xa5, 0x39, 0x08, 0x52, 0x9c,
    0x3a, 0x23, 0x61, 0x75, 0xba, 0x52, 0xac, 0xc9, 0xb9, 0xfc, 0x78, 0xe0, 0x3a, 0x2d, 0xa5, 0x46,
    0xb9, 0xba, 0x56, 0x67, 0xba, 0x27, 0xa3, 0x87, 0x3a, 0x86, 0xbd, 0xaa, 0x39, 0x81, 0x36, 0xd5,
    0xb9, 0x81, 0x5a, 0x08, 0x3a, 0x76, 0xc1, 0x0d, 0x39, 0xfc, 0x0e, 0xda, 0xb8, 0x77, 0x05, 0xf9,
    0x39, 0x1b, 0xd8, 0xb6, 0x38, 0x7e, 0x7e, 0xef, 0xb8, 0x19, 0xb1, 0x41, 0xbb, 0xab, 0x0c, 0x11,
    0xbc, 0x70, 0x16, 0x8c, 0xbb, 0x66, 0x2a, 0xbe, 0x3a, 0x08, 0x50, 0x28, 0x3b, 0xa5, 0xf6, 0xf6,
    0x3a, 0x93, 0x74, 0x23, 0x3b, 0x0b, 0x58, 0xc2, 0x3a, 0x51, 0x3f, 0x86, 0xbb, 0xd8, 0xbf, 0x0f,
    0xbc, 0xad, 0x67, 0x51, 0xbb, 0x1e, 0xb5, 0x38, 0x3c, 0x16, 0xef, 0x96, 0x3c, 0x0b, 0x02, 0x8c,
    0x3b, 0x7e, 0x73, 0xb6, 0xbc, 0x3e, 0xe7, 0x06, 0xbd, 0xce, 0x2e, 0x23, 0xbc, 0xd5, 0x71, 0xf1,
    0x3c, 0xf0, 0xbf, 0x3a, 0x3d, 0xaa, 0x5d, 0x8a, 0x3c, 0x9c, 0x93, 0x0a, 0xbd, 0x5a, 0xa3, 0x72,
    0xbd, 0x85, 0xb0, 0x0e, 0xbd, 0x30, 0x16, 0x82, 0x3c, 0x6c, 0x7b, 0x3a, 0x3d, 0x22, 0x49, 0xf8,
    0x3c, 0xa0, 0x8d, 0x15, 0xbc, 0xb0, 0xa2, 0x06, 0xbd, 0xac, 0x4d, 0xbb, 0xbc, 0xf6, 0xfd, 0x74,
    0x3b, 0x25, 0xfd, 0x96, 0x3c, 0xf2, 0xb5, 0x3e, 0x3c, 0x78, 0xdc, 0x9c, 0xbc, 0xd1, 0xf1, 0xf8,
    0xbc, 0xfc, 0x02, 0x7f, 0x3b, 0x70, 0xbc, 0x2e, 0x3c, 0x19, 0xee, 0xe5, 0xbc, 0xf9, 0xeb, 0xfc,
    0xbc, 0xe8, 0xac, 0xf1, 0x3b, 0x2e, 0xb2, 0x2f, 0x3c, 0xb6, 0x85, 0x03, 0xbd, 0x51, 0xbc, 0x00,
    0xbd, 0x40, 0xbb, 0x7f, 0x3c, 0xdb, 0xec, 0x00, 0x3a, 0x20, 0xac, 0x0d, 0xbd, 0x1c, 0xfa, 0x39,
    0xbc, 0xca, 0xa8, 0x00, 0xbc, 0xae, 0xdd, 0x8e, 0xbb, 0x5d, 0x98, 0x2b, 0x3c, 0xa8, 0xe0, 0x71,
    0xbd, 0x84, 0xd0, 0x04, 0xbd, 0x2d, 0x16, 0xbf, 0x3d, 0x48, 0x06, 0x63, 0xbd, 0x09, 0x10, 0x62,
    0xbe, 0x80, 0x66, 0x7c, 0xbc, 0xb9, 0x57, 0xbf, 0x3d, 0xef, 0x19, 0x8b, 0xbd, 0x15, 0x62, 0x60,
    0xbd, 0x04, 0x6d, 0x44, 0x3d, 0xe7, 0x46, 0xb3, 0xbb, 0x46, 0x1f, 0x2c, 0xbd, 0x8c, 0x8b, 0x0d,
    0xbc, 0x08, 0xf7, 0xc6, 0x3a, 0x06, 0xbe, 0xb9, 0x39, 0xd5, 0xdd, 0xd5, 0x38, 0x29, 0xb0, 0xbe,
    0x39, 0x6d, 0x60, 0x83, 0x38, 0x5a, 0x7b, 0x08, 0x36, 0x36, 0x0c, 0x93, 0x39, 0x24, 0x27, 0x88,
    0x39, 0x90, 0xc7, 0xa1, 0x38, 0x99, 0x3e, 0x40, 0xb6, 0xdb, 0xca, 0x88, 0x39, 0x78, 0x38, 0xbd,
    0x39, 0x2a, 0x52, 0xd9, 0xb8, 0x17, 0xe7, 0xa8, 0x38, 0x61, 0x4c, 0xf7, 0x39, 0x3d, 0xd0, 0xa4,
    0xb8, 0x32, 0x6b, 0x0b, 0x39, 0x25, 0x7d, 0xf6, 0x39, 0xe7, 0x98, 0xdb, 0xb9, 0x15, 0xa5, 0xa3,
    0x39, 0x72, 0x93, 0x76, 0x3a, 0xb7, 0x9a, 0x77, 0xba, 0xb8, 0x01, 0x50, 0xb9, 0x66, 0xac, 0xd7,
    0x3a, 0x2d, 0x35, 0xde, 0xb9, 0x85, 0x66, 0x69, 0xba, 0xd4, 0x96, 0x9d, 0x3a, 0x05, 0xe4, 0xa8,
    0x39, 0x89, 0xaf, 0x18, 0xba, 0x70, 0xf9, 0x08, 0x3a, 0xd4, 0x50, 0xb6, 0x39, 0x2e, 0x04, 0x97,
    0xb8, 0x42, 0x2a, 0x96, 0x39, 0x06, 0x6d, 0xbb, 0x38, 0x1e, 0xb5, 0x38, 0xbc, 0xad, 0x67, 0x51,
    0x3b, 0xd8, 0xbf, 0x0f, 0x3c, 0x51, 0x3f, 0x86, 0x3b, 0x0b, 0x58, 0xc2, 0xba, 0x93, 0x74, 0x23,
    0xbb, 0xa5, 0xf6, 0xf6, 0xba, 0x08, 0x50, 0x28, 0xbb, 0x66, 0x2a, 0xbe, 0xba, 0x70, 0x16, 0x8c,
    0x3b, 0xab, 0x0c, 0x11, 0x3c, 0x19, 0xb1, 0x41, 0x3b, 0xf2, 0xb5, 0x3e, 0xbc, 0x25, 0xfd, 0x96,
    0xbc, 0xf6, 0xfd, 0x74, 0xbb, 0xac, 0x4d, 0xbb, 0x3c, 0xb0, 0xa2, 0x06, 0x3d, 0xa0, 0x8d, 0x15,
    0x3c, 0x22, 0x49, 0xf8, 0xbc, 0x6c, 0x7b, 0x3a, 0xbd, 0x30, 0x16, 0x82, 0xbc, 0x85, 0xb0, 0x0e,
    0x3d, 0x5a, 0xa3, 0x72, 0x3d, 0x9c, 0x93, 0x0a, 0x3d, 0xaa, 0x5d, 0x8a, 0xbc, 0xf0, 0xbf, 0x3a,
    0xbd, 0xd5, 0x71, 0xf1, 0xbc, 0xce, 0x2e, 0x23, 0x3c, 0x3e, 0xe7, 0x06, 0x3d, 0x7e, 0x73, 0xb6,
    0x3c, 0x0b, 0x02, 0x8c, 0xbb, 0x16, 0xef, 0x96, 0xbc, 0xdb, 0xec, 0x00, 0x3a, 0x40, 0xbb, 0x7f,
    0x3c, 0x51, 0xbc, 0x00, 0xbd, 0xb6, 0x85, 0x03, 0xbd, 0x2e, 0xb2, 0x2f, 0x3c, 0xe8, 0xac, 0xf1,
    0x3b, 0xf9, 0xeb, 0xfc, 0xbc, 0x19, 0xee, 0xe5, 0xbc, 0x70, 0xbc, 0x2e, 0x3c, 0xfc, 0x02, 0x7f,
    0x3b, 0xd1, 0xf1, 0xf8, 0xbc, 0x78, 0xdc, 0x9c, 0xbc, 0x06, 0xbe, 0xb9, 0x39, 0x08, 0xf7, 0xc6,
    0x3a, 0x8c, 0x8b, 0x0d, 0xbc, 0x46, 0x1f, 0x2c, 0xbd, 0xe7, 0x46, 0xb3, 0xbb, 0x04, 0x6d, 0x44,
    0x3d, 0x15, 0x62, 0x60, 0xbd, 0xef, 0x19, 0x8b, 0xbd, 0xb9, 0x57, 0xbf, 0x3d, 0x80, 0x66, 0x7c,
    0xbc, 0x09, 0x10, 0x62, 0xbe, 0x48, 0x06, 0x63, 0xbd, 0x2d, 0x16, 0xbf, 0x3d, 0x84, 0xd0, 0x04,
    0xbd, 0xa8, 0xe0, 0x71, 0xbd, 0x5d, 0x98, 0x2b, 0x3c, 0xae, 0xdd, 0x8e, 0xbb, 0xca, 0xa8, 0x00,
    0xbc, 0x1c, 0xfa, 0x39, 0xbc, 0x20, 0xac, 0x0d, 0xbd, 0x17, 0xe7, 0xa8, 0x38, 0x2a, 0x52, 0xd9,
    0xb8, 0x78, 0x38, 0xbd, 0x39, 0xdb, 0xca, 0x88, 0x39, 0x99, 0x3e, 0x40, 0xb6, 0x90, 0xc7, 0xa1,
    0x38, 0x24, 0x27, 0x88, 0x39, 0x36, 0x0c, 0x93, 0x39, 0x5a, 0x7b, 0x08, 0x36, 0x6d, 0x60, 0x83,
    0x38, 0x29, 0xb0, 0xbe, 0x39, 0xd5, 0xdd, 0xd5, 0x38, 0x06, 0x6d, 0xbb, 0x38, 0x42, 0x2a, 0x96,
    0x39, 0x2e, 0x04, 0x97, 0xb8, 0xd4, 0x50, 0xb6, 0x39, 0x70, 0xf9, 0x08, 0x3a, 0x89, 0xaf, 0x18,
    0xba, 0x05, 0xe4, 0xa8, 0x39, 0xd4, 0x96, 0x9d, 0x3a, 0x85, 0x66, 0x69, 0xba, 0x2d, 0x35, 0xde,
    0xb9, 0x66, 0xac, 0xd7, 0x3a, 0xb8, 0x01, 0x50, 0xb9, 0xb7, 0x9a, 0x77, 0xba, 0x72, 0x93, 0x76,
    0x3a, 0x15, 0xa5, 0xa3, 0x39, 0xe7, 0x98, 0xdb, 0xb9, 0x25, 0x7d, 0xf6, 0x39, 0x32, 0x6b, 0x0b,
    0x39, 0x3d, 0xd0, 0xa4, 0xb8, 0x61, 0x4c, 0xf7, 0x39, 0x94, 0x52, 0x9a, 0x3c, 0xe2, 0xee, 0x3a,
    0x3c, 0xc5, 0xc4, 0x5d, 0xbb, 0xbc, 0x22, 0x13, 0xbc, 0xd7, 0x77, 0x86, 0xbb, 0x27, 0xa2, 0xcf,
    0x3a, 0x12, 0xfb, 0x24, 0x3b, 0x99, 0x32, 0xf0, 0x3a, 0x2c, 0x82, 0x29, 0x3b, 0xbc, 0x72, 0xcb,
    0x3a, 0xc4, 0x06, 0x8c, 0xbb, 0xcf, 0x55, 0x14, 0xbc, 0x5f, 0x99, 0x4e, 0xbb, 0xd1, 0xab, 0x40,
    0x3c, 0x92, 0x5b, 0x9a, 0x3c, 0x69, 0x7f, 0x82, 0x3b, 0xbe, 0xfd, 0xbd, 0xbc, 0x93, 0x80, 0x09,
    0xbd, 0xfe, 0x6d, 0x1b, 0xbc, 0x4a, 0x0a, 0xfc, 0x3c, 0x6d, 0x3b, 0x3e, 0x3d, 0xaf, 0xe5, 0x85,
    0x3c, 0x71, 0xbe, 0x10, 0xbd, 0x68, 0xca, 0x76, 0xbd, 0xcb, 0xce, 0x0c, 0xbd, 0xf7, 0xd2, 0x8d,
    0x3c, 0xe6, 0x7d, 0x3e, 0x3d, 0x32, 0x7f, 0xf5, 0x3c, 0x17, 0x7c, 0x28, 0xbc, 0x7a, 0xc3, 0x09,
    0xbd, 0x62, 0x59, 0xb9, 0xbc, 0x20, 0x4f, 0x93, 0x3b, 0xb0, 0x9e, 0x34, 0x3b, 0x7b, 0x25, 0x7a,
    0x38, 0xe1, 0x7d, 0xab, 0xbc, 0xa4, 0xe5, 0xfb, 0xbc, 0x5b, 0x18, 0x92, 0x3b, 0x72, 0x05, 0x2c,
    0x3c, 0x87, 0xa3, 0xe9, 0xbc, 0x21, 0x9a, 0xf8, 0xbc, 0xc9, 0x91, 0x02, 0x3c, 0xba, 0x46, 0x2b,
    0x3c, 0xea, 0xee, 0x00, 0xbd, 0xa9, 0x9d, 0xf3, 0xbc, 0xa6, 0x33, 0x85, 0x3c, 0x57, 0x40, 0xf8,
    0xb7, 0x6d, 0x9b, 0x07, 0xbd, 0xd3, 0x8a, 0xfd, 0xbb, 0x62, 0x37, 0xfe, 0xbb, 0xe0, 0xe7, 0xba,
    0xbb, 0x84, 0xf4, 0x70, 0x3c, 0x3e, 0xd9, 0x61, 0xbd, 0xb2, 0x30, 0x0b, 0xbd, 0xa9, 0xd0, 0xc2,
    0x3d, 0x6d, 0x75, 0x4e, 0xbd, 0x57, 0xc3, 0x63, 0xbe, 0xe5, 0x12, 0x95, 0xbc, 0xcf, 0x65, 0xc2,
    0x3d, 0x4e, 0xb2, 0x90, 0xbd, 0x97, 0xd8, 0x72, 0xbd, 0xef, 0xed, 0x49, 0x3d, 0xcc, 0x28, 0x9a,
    0xbb, 0x2b, 0xbf, 0x3a, 0xbd, 0xa2, 0xf4, 0x29, 0xbc, 0xc4, 0x4f, 0x7f, 0x39, 0x0f, 0x13, 0xa5,
    0x38, 0xb4, 0x09, 0xcc, 0x38, 0x08, 0x6f, 0xb5, 0x39, 0x7b, 0x35, 0x34, 0x38, 0xc5, 0xe7, 0x7f,
    0xb6, 0x8c, 0x0f, 0x92, 0x39, 0xe1, 0x1b, 0x80, 0x39, 0xa0, 0x37, 0x88, 0x38, 0x78, 0x6d, 0x83,
    0x35, 0xd7, 0x36, 0x89, 0x39, 0xf1, 0xf6, 0xb6, 0x39, 0x7e, 0x7e, 0xef, 0xb8, 0x1b, 0xd8, 0xb6,
    0x38, 0x77, 0x05, 0xf9, 0x39, 0xfc, 0x0e, 0xda, 0xb8, 0x76, 0xc1, 0x0d, 0x39, 0x81, 0x5a, 0x08,
    0x3a, 0x81, 0x36, 0xd5, 0xb9, 0x86, 0xbd, 0xaa, 0x39, 0x27, 0xa3, 0x87, 0x3a, 0xba, 0x56, 0x67,
    0xba, 0x2d, 0xa5, 0x46, 0xb9, 0xfc, 0x78, 0xe0, 0x3a, 0x52, 0xac, 0xc9, 0xb9, 0x23, 0x61, 0x75,
    0xba, 0x08, 0x52, 0x9c, 0x3a, 0x61, 0x37, 0xa5, 0x39, 0xe5, 0x27, 0x2d, 0xba, 0x5d, 0xb2, 0xf5,
    0x39, 0x58, 0xe4, 0xb0, 0x39, 0xae, 0x9e, 0xe8, 0xb8, 0x69, 0x7f, 0x82, 0xbb, 0x92, 0x5b, 0x9a,
    0xbc, 0xd1, 0xab, 0x40, 0xbc, 0x5f, 0x99, 0x4e, 0x3b, 0xcf, 0x55, 0x14, 0x3c, 0xc4, 0x06, 0x8c,
    0x3b, 0xbc, 0x72, 0xcb, 0xba, 0x2c, 0x82, 0x29, 0xbb, 0x99, 0x32, 0xf0, 0xba, 0x12, 0xfb, 0x24,
    0xbb, 0x27, 0xa2, 0xcf, 0xba, 0xd7, 0x77, 0x86, 0x3b, 0xbc, 0x22, 0x13, 0x3c, 0xc5, 0xc4, 0x5d,
    0x3b, 0xe2, 0xee, 0x3a, 0xbc, 0x94, 0x52, 0x9a, 0xbc, 0x20, 0x4f, 0x93, 0xbb, 0x62, 0x59, 0xb9,
    0x3c, 0x7a, 0xc3, 0x09, 0x3d, 0x17, 0x7c, 0x28, 0x3c, 0x32, 0x7f, 0xf5, 0xbc, 0xe6, 0x7d, 0x3e,
    0xbd, 0xf7, 0xd2, 0x8d, 0xbc, 0xcb, 0xce, 0x0c, 0x3d, 0x68, 0xca, 0x76, 0x3d, 0x71, 0xbe, 0x10,
    0x3d, 0xaf, 0xe5, 0x85, 0xbc, 0x6d, 0x3b, 0x3e, 0xbd, 0x4a, 0x0a, 0xfc, 0xbc, 0xfe, 0x6d, 0x1b,
    0x3c, 0x93, 0x80, 0x09, 0x3d, 0xbe, 0xfd, 0xbd, 0x3c, 0xd3, 0x8a, 0xfd, 0xbb, 0x6d, 0x9b, 0x07,
    0xbd, 0x57, 0x40, 0xf8, 0xb7, 0xa6, 0x33, 0x85, 0x3c, 0xa9, 0x9d, 0xf3, 0xbc, 0xea, 0xee, 0x00,
    0xbd, 0xba, 0x46, 0x2b, 0x3c, 0xc9, 0x91, 0x02, 0x3c, 0x21, 0x9a, 0xf8, 0xbc, 0x87, 0xa3, 0xe9,
    0xbc, 0x72, 0x05, 0x2c, 0x3c, 0x5b, 0x18, 0x92, 0x3b, 0xa4, 0xe5, 0xfb, 0xbc, 0xe1, 0x7d, 0xab,
    0xbc, 0x7b, 0x25, 0x7a, 0x38, 0xb0, 0x9e, 0x34, 0x3b, 0xa2, 0xf4, 0x29, 0xbc, 0x2b, 0xbf, 0x3a,
    0xbd, 0xcc, 0x28, 0x9a, 0xbb, 0xef, 0xed, 0x49, 0x3d, 0x97, 0xd8, 0x72, 0xbd, 0x4e, 0xb2, 0x90,
    0xbd, 0xcf, 0x65, 0xc2, 0x3d, 0xe5, 0x12, 0x95, 0xbc, 0x57, 0xc3, 0x63, 0xbe, 0x6d, 0x75, 0x4e,
    0xbd, 0xa9, 0xd0, 0xc2, 0x3d, 0xb2, 0x30, 0x0b, 0xbd, 0x3e, 0xd9, 0x61, 0xbd, 0x84, 0xf4, 0x70,
    0x3c, 0xe0, 0xe7, 0xba, 0xbb, 0x62, 0x37, 0xfe, 0xbb, 0xfc, 0x0e, 0xda, 0xb8, 0x77, 0x05, 0xf9,
    0x39, 0x1b, 0xd8, 0xb6, 0x38, 0x7e, 0x7e, 0xef, 0xb8, 0xf1, 0xf6, 0xb6, 0x39, 0xd7, 0x36, 0x89,
    0x39, 0x78, 0x6d, 0x83, 0x35, 0xa0, 0x37, 0x88, 0x38, 0xe1, 0x1b, 0x80, 0x39, 0x8c, 0x0f, 0x92,
    0x39, 0xc5, 0xe7, 0x7f, 0xb6, 0x7b, 0x35, 0x34, 0x38, 0x08, 0x6f, 0xb5, 0x39, 0xb4, 0x09, 0xcc,
    0x38, 0x0f, 0x13, 0xa5, 0x38, 0xc4, 0x4f, 0x7f, 0x39, 0xae, 0x9e, 0xe8, 0xb8, 0x58, 0xe4, 0xb0,
    0x39, 0x5d, 0xb2, 0xf5, 0x39, 0xe5, 0x27, 0x2d, 0xba, 0x61, 0x37, 0xa5, 0x39, 0x08, 0x52, 0x9c,
    0x3a, 0x23, 0x61, 0x75, 0xba, 0x52, 0xac, 0xc9, 0xb9, 0xfc, 0x78, 0xe0, 0x3a, 0x2d, 0xa5, 0x46,
    0xb9, 0xba, 0x56, 0x67, 0xba, 0x27, 0xa3, 0x87, 0x3a, 0x86, 0xbd, 0xaa, 0x39, 0x81, 0x36, 0xd5,
    0xb9, 0x81, 0x5a, 0x08, 0x3a, 0x76, 0xc1, 0x0d, 0x39, 0xac, 0x4d, 0xbb, 0xbc, 0xf6, 0xfd, 0x74,
    0x3b, 0x25, 0xfd, 0x96, 0x3c, 0xf2, 0xb5, 0x3e, 0x3c, 0x19, 0xb1, 0x41, 0xbb, 0xab, 0x0c, 0x11,
    0xbc, 0x70, 0x16, 0x8c, 0xbb, 0x66, 0x2a, 0xbe, 0x3a, 0x08, 0x50, 0x28, 0x3b, 0xa5, 0xf6, 0xf6,
    0x3a, 0x93, 0x74, 0x23, 0x3b, 0x0b, 0x58, 0xc2, 0x3a, 0x51, 0x3f, 0x86, 0xbb, 0xd8, 0xbf, 0x0f,
    0xbc, 0xad, 0x67, 0x51, 0xbb, 0x1e, 0xb5, 0x38, 0x3c, 0x16, 0xef, 0x96, 0x3c, 0x0b, 0x02, 0x8c,
    0x3b, 0x7e, 0x73, 0xb6, 0xbc, 0x3e, 0xe7, 0x06, 0xbd, 0xce, 0x2e, 0x23, 0xbc, 0xd5, 0x71, 0xf1,
    0x3c, 0xf0, 0xbf, 0x3a, 0x3d, 0xaa, 0x5d, 0x8a, 0x3c, 0x9c, 0x93, 0x0a, 0xbd, 0x5a, 0xa3, 0x72,
    0xbd, 0x85, 0xb0, 0x0e, 0xbd, 0x30, 0x16, 0x82, 0x3c, 0x6c, 0x7b, 0x3a, 0x3d, 0x22, 0x49, 0xf8,
    0x3c, 0xa0, 0x8d, 0x15, 0xbc, 0xb0, 0xa2, 0x06, 0xbd, 0x46, 0x1f, 0x2c, 0xbd, 0x8c, 0x8b, 0x0d,
    0xbc, 0x08, 0xf7, 0xc6, 0x3a, 0x06, 0xbe, 0xb9, 0x39, 0x78, 0xdc, 0x9c, 0xbc, 0xd1, 0xf1, 0xf8,
    0xbc, 0xfc, 0x02, 0x7f, 0x3b, 0x70, 0xbc, 0x2e, 0x3c, 0x19, 0xee, 0xe5, 0xbc, 0xf9, 0xeb, 0xfc,
    0xbc, 0xe8, 0xac, 0xf1, 0x3b, 0x2e, 0xb2, 0x2f, 0x3c, 0xb6, 0x85, 0x03, 0xbd, 0x51, 0xbc, 0x00,
    0xbd, 0x40, 0xbb, 0x7f, 0x3c, 0xdb, 0xec, 0x00, 0x3a, 0x20, 0xac, 0x0d, 0xbd, 0x1c, 0xfa, 0x39,
    0xbc, 0xca, 0xa8, 0x00, 0xbc, 0xae, 0xdd, 0x8e, 0xbb, 0x5d, 0x98, 0x2b, 0x3c, 0xa8, 0xe0, 0x71,
    0xbd, 0x84, 0xd0, 0x04, 0xbd, 0x2d, 0x16, 0xbf, 0x3d, 0x48, 0x06, 0x63, 0xbd, 0x09, 0x10, 0x62,
    0xbe, 0x80, 0x66, 0x7c, 0xbc, 0xb9, 0x57, 0xbf, 0x3d, 0xef, 0x19, 0x8b, 0xbd, 0x15, 0x62, 0x60,
    0xbd, 0x04, 0x6d, 0x44, 0x3d, 0xe7, 0x46, 0xb3, 0xbb, 0xd4, 0x50, 0xb6, 0x39, 0x2e, 0x04, 0x97,
    0xb8, 0x42, 0x2a, 0x96, 0x39, 0x06, 0x6d, 0xbb, 0x38, 0xd5, 0xdd, 0xd5, 0x38, 0x29, 0xb0, 0xbe,
    0x39, 0x6d, 0x60, 0x83, 0x38, 0x5a, 0x7b, 0x08, 0x36, 0x36, 0x0c, 0x93, 0x39, 0x24, 0x27, 0x88,
    0x39, 0x90, 0xc7, 0xa1, 0x38, 0x99, 0x3e, 0x40, 0xb6, 0xdb, 0xca, 0x88, 0x39, 0x78, 0x38, 0xbd,
    0x39, 0x2a, 0x52, 0xd9, 0xb8, 0x17, 0xe7, 0xa8, 0x38, 0x61, 0x4c, 0xf7, 0x39, 0x3d, 0xd0, 0xa4,
    0xb8, 0x32, 0x6b, 0x0b, 0x39, 0x25, 0x7d, 0xf6, 0x39, 0xe7, 0x98, 0xdb, 0xb9, 0x15, 0xa5, 0xa3,
    0x39, 0x72, 0x93, 0x76, 0x3a, 0xb7, 0x9a, 0x77, 0xba, 0xb8, 0x01, 0x50, 0xb9, 0x66, 0xac, 0xd7,
    0x3a, 0x2d, 0x35, 0xde, 0xb9, 0x85, 0x66, 0x69, 0xba, 0xd4, 0x96, 0x9d, 0x3a, 0x05, 0xe4, 0xa8,
    0x39, 0x89, 0xaf, 0x18, 0xba, 0x70, 0xf9, 0x08, 0x3a, 0x3e, 0xe7, 0x06, 0x3d, 0x7e, 0x73, 0xb6,
    0x3c, 0x0b, 0x02, 0x8c, 0xbb, 0x16, 0xef, 0x96, 0xbc, 0x1e, 0xb5, 0x38, 0xbc, 0xad, 0x67, 0x51,
    0x3b, 0xd8, 0xbf, 0x0f, 0x3c, 0x51, 0x3f, 0x86, 0x3b, 0x0b, 0x58, 0xc2, 0xba, 0x93, 0x74, 0x23,
    0xbb, 0xa5, 0xf6, 0xf6, 0xba, 0x08, 0x50, 0x28, 0xbb, 0x66, 0x2a, 0xbe, 0xba, 0x70, 0x16, 0x8c,
    0x3b, 0xab, 0x0c, 0x11, 0x3c, 0x19, 0xb1, 0x41, 0x3b, 0xf2, 0xb5, 0x3e, 0xbc, 0x25, 0xfd, 0x96,
    0xbc, 0xf6, 0xfd, 0x74, 0xbb, 0xac, 0x4d, 0xbb, 0x3c, 0xb0, 0xa2, 0x06, 0x3d, 0xa0, 0x8d, 0x15,
    0x3c, 0x22, 0x49, 0xf8, 0xbc, 0x6c, 0x7b, 0x3a, 0xbd, 0x30, 0x16, 0x82, 0xbc, 0x85, 0xb0, 0x0e,
    0x3d, 0x5a, 0xa3, 0x72, 0x3d, 0x9c, 0x93, 0x0a, 0x3d, 0xaa, 0x5d, 0x8a, 0xbc, 0xf0, 0xbf, 0x3a,
    0xbd, 0xd5, 0x71, 0xf1, 0xbc, 0xce, 0x2e, 0x23, 0x3c, 0xae, 0xdd, 0x8e, 0xbb, 0xca, 0xa8, 0x00,
    0xbc, 0x1c, 0xfa, 0x39, 0xbc, 0x20, 0xac, 0x0d, 0xbd, 0xdb, 0xec, 0x00, 0x3a, 0x40, 0xbb, 0x7f,
    0x3c, 0x51, 0xbc, 0x00, 0xbd, 0xb6, 0x85, 0x03, 0xbd, 0x2e, 0xb2, 0x2f, 0x3c, 0xe8, 0xac, 0xf1,
    0x3b, 0xf9, 0xeb, 0xfc, 0xbc, 0x19, 0xee, 0xe5, 0xbc, 0x70, 0xbc, 0x2e, 0x3c, 0xfc, 0x02, 0x7f,
    0x3b, 0xd1, 0xf1, 0xf8, 0xbc, 0x78, 0xdc, 0x9c, 0xbc, 0x06, 0xbe, 0xb9, 0x39, 0x08, 0xf7, 0xc6,
    0x3a, 0x8c, 0x8b, 0x0d, 0xbc, 0x46, 0x1f, 0x2c, 0xbd, 0xe7, 0x46, 0xb3, 0xbb, 0x04, 0x6d, 0x44,
    0x3d, 0x15, 0x62, 0x60, 0xbd, 0xef, 0x19, 0x8b, 0xbd, 0xb9, 0x57, 0xbf, 0x3d, 0x80, 0x66, 0x7c,
    0xbc, 0x09, 0x10, 0x62, 0xbe, 0x48, 0x06, 0x63, 0xbd, 0x2d, 0x16, 0xbf, 0x3d, 0x84, 0xd0, 0x04,
    0xbd, 0xa8, 0xe0, 0x71, 0xbd, 0x5d, 0x98, 0x2b, 0x3c, 0x25, 0x7d, 0xf6, 0x39, 0x32, 0x6b, 0x0b,
    0x39, 0x3d, 0xd0, 0xa4, 0xb8, 0x61, 0x4c, 0xf7, 0x39, 0x17, 0xe7, 0xa8, 0x38, 0x2a, 0x52, 0xd9,
    0xb8, 0x78, 0x38, 0xbd, 0x39, 0xdb, 0xca, 0x88, 0x39, 0x99, 0x3e, 0x40, 0xb6, 0x90, 0xc7, 0xa1,
    0x38, 0x24, 0x27, 0x88, 0x39, 0x36, 0x0c, 0x93, 0x39, 0x5a, 0x7b, 0x08, 0x36, 0x6d, 0x60, 0x83,
    0x38, 0x29, 0xb0, 0xbe, 0x39, 0xd5, 0xdd, 0xd5, 0x38, 0x06, 0x6d, 0xbb, 0x38, 0x42, 0x2a, 0x96,
    0x39, 0x2e, 0x04, 0x97, 0xb8, 0xd4, 0x50, 0xb6, 0x39, 0x70, 0xf9, 0x08, 0x3a, 0x89, 0xaf, 0x18,
    0xba, 0x05, 0xe4, 0xa8, 0x39, 0xd4, 0x96, 0x9d, 0x3a, 0x85, 0x66, 0x69, 0xba, 0x2d, 0x35, 0xde,
    0xb9, 0x66, 0xac, 0xd7, 0x3a, 0xb8, 0x01, 0x50, 0xb9, 0xb7, 0x9a, 0x77, 0xba, 0x72, 0x93, 0x76,
    0x3a, 0x15, 0xa5, 0xa3, 0x39, 0xe7, 0x98, 0xdb, 0xb9, 0x17, 0x7c, 0x28, 0xbc, 0x7a, 0xc3, 0x09,
    0xbd, 0x62, 0x59, 0xb9, 0xbc, 0x20, 0x4f, 0x93, 0x3b, 0x94, 0x52, 0x9a, 0x3c, 0xe2, 0xee, 0x3a,
    0x3c, 0xc5, 0xc4, 0x5d, 0xbb, 0xbc, 0x22, 0x13, 0xbc, 0xd7, 0x77, 0x86, 0xbb, 0x27, 0xa2, 0xcf,
    0x3a, 0x12, 0xfb, 0x24, 0x3b, 0x99, 0x32, 0xf0, 0x3a, 0x2c, 0x82, 0x29, 0x3b, 0xbc, 0x72, 0xcb,
    0x3a, 0xc4, 0x06, 0x8c, 0xbb, 0xcf, 0x55, 0x14, 0xbc, 0x5f, 0x99, 0x4e, 0xbb, 0xd1, 0xab, 0x40,
    0x3c, 0x92, 0x5b, 0x9a, 0x3c, 0x69, 0x7f, 0x82, 0x3b, 0xbe, 0xfd, 0xbd, 0xbc, 0x93, 0x80, 0x09,
    0xbd, 0xfe, 0x6d, 0x1b, 0xbc, 0x4a, 0x0a, 0xfc, 0x3c, 0x6d, 0x3b, 0x3e, 0x3d, 0xaf, 0xe5, 0x85,
    0x3c, 0x71, 0xbe, 0x10, 0xbd, 0x68, 0xca, 0x76, 0xbd, 0xcb, 0xce, 0x0c, 0xbd, 0xf7, 0xd2, 0x8d,
    0x3c, 0xe6, 0x7d, 0x3e, 0x3d, 0x32, 0x7f, 0xf5, 0x3c, 0xef, 0xed, 0x49, 0x3d, 0xcc, 0x28, 0x9a,
    0xbb, 0x2b, 0xbf, 0x3a, 0xbd, 0xa2, 0xf4, 0x29, 0xbc, 0xb0, 0x9e, 0x34, 0x3b, 0x7b, 0x25, 0x7a,
    0x38, 0xe1, 0x7d, 0xab, 0xbc, 0xa4, 0xe5, 0xfb, 0xbc, 0x5b, 0x18, 0x92, 0x3b, 0x72, 0x05, 0x2c,
    0x3c, 0x87, 0xa3, 0xe9, 0xbc, 0x21, 0x9a, 0xf8, 0xbc, 0xc9, 0x91, 0x02, 0x3c, 0xba, 0x46, 0x2b,
    0x3c, 0xea, 0xee, 0x00, 0xbd, 0xa9, 0x9d, 0xf3, 0xbc, 0xa6, 0x33, 0x85, 0x3c, 0x57, 0x40, 0xf8,
    0xb7, 0x6d, 0x9b, 0x07, 0xbd, 0xd3, 0x8a, 0xfd, 0xbb, 0x62, 0x37, 0xfe, 0xbb, 0xe0, 0xe7, 0xba,
    0xbb, 0x84, 0xf4, 0x70, 0x3c, 0x3e, 0xd9, 0x61, 0xbd, 0xb2, 0x30, 0x0b, 0xbd, 0xa9, 0xd0, 0xc2,
    0x3d, 0x6d, 0x75, 0x4e, 0xbd, 0x57, 0xc3, 0x63, 0xbe, 0xe5, 0x12, 0x95, 0xbc, 0xcf, 0x65, 0xc2,
    0x3d, 0x4e, 0xb2, 0x90, 0xbd, 0x97, 0xd8, 0x72, 0xbd, 0xe5, 0x27, 0x2d, 0xba, 0x5d, 0xb2, 0xf5,
    0x39, 0x58, 0xe4, 0xb0, 0x39, 0xae, 0x9e, 0xe8, 0xb8, 0xc4, 0x4f, 0x7f, 0x39, 0x0f, 0x13, 0xa5,
    0x38, 0xb4, 0x09, 0xcc, 0x38, 0x08, 0x6f, 0xb5, 0x39, 0x7b, 0x35, 0x34, 0x38, 0xc5, 0xe7, 0x7f,
    0xb6, 0x8c, 0x0f, 0x92, 0x39, 0xe1, 0x1b, 0x80, 0x39, 0xa0, 0x37, 0x88, 0x38, 0x78, 0x6d, 0x83,
    0x35, 0xd7, 0x36, 0x89, 0x39, 0xf1, 0xf6, 0xb6, 0x39, 0x7e, 0x7e, 0xef, 0xb8, 0x1b, 0xd8, 0xb6,
    0x38, 0x77, 0x05, 0xf9, 0x39, 0xfc, 0x0e, 0xda, 0xb8, 0x76, 0xc1, 0x0d, 0x39, 0x81, 0x5a, 0x08,
    0x3a, 0x81, 0x36, 0xd5, 0xb9, 0x86, 0xbd, 0xaa, 0x39, 0x27, 0xa3, 0x87, 0x3a, 0xba, 0x56, 0x67,
    0xba, 0x2d, 0xa5, 0x46, 0xb9, 0xfc, 0x78, 0xe0, 0x3a, 0x52, 0xac, 0xc9, 0xb9, 0x23, 0x61, 0x75,
    0xba, 0x08, 0x52, 0x9c, 0x3a, 0x61, 0x37, 0xa5, 0x39, 0x4a, 0x0a, 0xfc, 0xbc, 0xfe, 0x6d, 0x1b,
    0x3c, 0x93, 0x80, 0x09, 0x3d, 0xbe, 0xfd, 0xbd, 0x3c, 0x69, 0x7f, 0x82, 0xbb, 0x92, 0x5b, 0x9a,
    0xbc, 0xd1, 0xab, 0x40, 0xbc, 0x5f, 0x99, 0x4e, 0x3b, 0xcf, 0x55, 0x14, 0x3c, 0xc4, 0x06, 0x8c,
    0x3b, 0xbc, 0x72, 0xcb, 0xba, 0x2c, 0x82, 0x29, 0xbb, 0x99, 0x32, 0xf0, 0xba, 0x12, 0xfb, 0x24,
    0xbb, 0x27, 0xa2, 0xcf, 0xba, 0xd7, 0x77, 0x86, 0x3b, 0xbc, 0x22, 0x13, 0x3c, 0xc5, 0xc4, 0x5d,
    0x3b, 0xe2, 0xee, 0x3a, 0xbc, 0x94, 0x52, 0x9a, 0xbc, 0x20, 0x4f, 0x93, 0xbb, 0x62, 0x59, 0xb9,
    0x3c, 0x7a, 0xc3, 0x09, 0x3d, 0x17, 0x7c, 0x28, 0x3c, 0x32, 0x7f, 0xf5, 0xbc, 0xe6, 0x7d, 0x3e,
    0xbd, 0xf7, 0xd2, 0x8d, 0xbc, 0xcb, 0xce, 0x0c, 0x3d, 0x68, 0xca, 0x76, 0x3d, 0x71, 0xbe, 0x10,
    0x3d, 0xaf, 0xe5, 0x85, 0xbc, 0x6d, 0x3b, 0x3e, 0xbd, 0x3e, 0xd9, 0x61, 0xbd, 0x84, 0xf4, 0x70,
    0x3c, 0xe0, 0xe7, 0xba, 0xbb, 0x62, 0x37, 0xfe, 0xbb, 0xd3, 0x8a, 0xfd, 0xbb, 0x6d, 0x9b, 0x07,
    0xbd, 0x57, 0x40, 0xf8, 0xb7, 0xa6, 0x33, 0x85, 0x3c, 0xa9, 0x9d, 0xf3, 0xbc, 0xea, 0xee, 0x00,
    0xbd, 0xba, 0x46, 0x2b, 0x3c, 0xc9, 0x91, 0x02, 0x3c, 0x21, 0x9a, 0xf8, 0xbc, 0x87, 0xa3, 0xe9,
    0xbc, 0x72, 0x05, 0x2c, 0x3c, 0x5b, 0x18, 0x92, 0x3b, 0xa4, 0xe5, 0xfb, 0xbc, 0xe1, 0x7d, 0xab,
    0xbc, 0x7b, 0x25, 0x7a, 0x38, 0xb0, 0x9e, 0x34, 0x3b, 0xa2, 0xf4, 0x29, 0xbc, 0x2b, 0xbf, 0x3a,
    0xbd, 0xcc, 0x28, 0x9a, 0xbb, 0xef, 0xed, 0x49, 0x3d, 0x97, 0xd8, 0x72, 0xbd, 0x4e, 0xb2, 0x90,
    0xbd, 0xcf, 0x65, 0xc2, 0x3d, 0xe5, 0x12, 0x95, 0xbc, 0x57, 0xc3, 0x63, 0xbe, 0x6d, 0x75, 0x4e,
    0xbd, 0xa9, 0xd0, 0xc2, 0x3d, 0xb2, 0x30, 0x0b, 0xbd, 0x86, 0xbd, 0xaa, 0x39, 0x81, 0x36, 0xd5,
    0xb9, 0x81, 0x5a, 0x08, 0x3a, 0x76, 0xc1, 0x0d, 0x39, 0xfc, 0x0e, 0xda, 0xb8, 0x77, 0x05, 0xf9,
    0x39, 0x1b, 0xd8, 0xb6, 0x38, 0x7e, 0x7e, 0xef, 0xb8, 0xf1, 0xf6, 0xb6, 0x39, 0xd7, 0x36, 0x89,
    0x39, 0x78, 0x6d, 0x83, 0x35, 0xa0, 0x37, 0x88, 0x38, 0xe1, 0x1b, 0x80, 0x39, 0x8c, 0x0f, 0x92,
    0x39, 0xc5, 0xe7, 0x7f, 0xb6, 0x7b, 0x35, 0x34, 0x38, 0x08, 0x6f, 0xb5, 0x39, 0xb4, 0x09, 0xcc,
    0x38, 0x0f, 0x13, 0xa5, 0x38, 0xc4, 0x4f, 0x7f, 0x39, 0xae, 0x9e, 0xe8, 0xb8, 0x58, 0xe4, 0xb0,
    0x39, 0x5d, 0xb2, 0xf5, 0x39, 0xe5, 0x27, 0x2d, 0xba, 0x61, 0x37, 0xa5, 0x39, 0x08, 0x52, 0x9c,
    0x3a, 0x23, 0x61, 0x75, 0xba, 0x52, 0xac, 0xc9, 0xb9, 0xfc, 0x78, 0xe0, 0x3a, 0x2d, 0xa5, 0x46,
    0xb9, 0xba, 0x56, 0x67, 0xba, 0x27, 0xa3, 0x87, 0x3a, 0x6c, 0x7b, 0x3a, 0x3d, 0x22, 0x49, 0xf8,
    0x3c, 0xa0, 0x8d, 0x15, 0xbc, 0xb0, 0xa2, 0x06, 0xbd, 0xac, 0x4d, 0xbb, 0xbc, 0xf6, 0xfd, 0x74,
    0x3b, 0x25, 0xfd, 0x96, 0x3c, 0xf2, 0xb5, 0x3e, 0x3c, 0x19, 0xb1, 0x41, 0xbb, 0xab, 0x0c, 0x11,
    0xbc, 0x70, 0x16, 0x8c, 0xbb, 0x66, 0x2a, 0xbe, 0x3a, 0x08, 0x50, 0x28, 0x3b, 0xa5, 0xf6, 0xf6,
    0x3a, 0x93, 0x74, 0x23, 0x3b, 0x0b, 0x58, 0xc2, 0x3a, 0x51, 0x3f, 0x86, 0xbb, 0xd8, 0xbf, 0x0f,
    0xbc, 0xad, 0x67, 0x51, 0xbb, 0x1e, 0xb5, 0x38, 0x3c, 0x16, 0xef, 0x96, 0x3c, 0x0b, 0x02, 0x8c,
    0x3b, 0x7e, 0x73, 0xb6, 0xbc, 0x3e, 0xe7, 0x06, 0xbd, 0xce, 0x2e, 0x23, 0xbc, 0xd5, 0x71, 0xf1,
    0x3c, 0xf0, 0xbf, 0x3a, 0x3d, 0xaa, 0x5d, 0x8a, 0x3c, 0x9c, 0x93, 0x0a, 0xbd, 0x5a, 0xa3, 0x72,
    0xbd, 0x85, 0xb0, 0x0e, 0xbd, 0x30, 0x16, 0x82, 0x3c, 0xef, 0x19, 0x8b, 0xbd, 0x15, 0x62, 0x60,
    0xbd, 0x04, 0x6d, 0x44, 0x3d, 0xe7, 0x46, 0xb3, 0xbb, 0x46, 0x1f, 0x2c, 0xbd, 0x8c, 0x8b, 0x0d,
    0xbc, 0x08, 0xf7, 0xc6, 0x3a, 0x06, 0xbe, 0xb9, 0x39, 0x78, 0xdc, 0x9c, 0xbc, 0xd1, 0xf1, 0xf8,
    0xbc, 0xfc, 0x02, 0x7f, 0x3b, 0x70, 0xbc, 0x2e, 0x3c, 0x19, 0xee, 0xe5, 0xbc, 0xf9, 0xeb, 0xfc,
    0xbc, 0xe8, 0xac, 0xf1, 0x3b, 0x2e, 0xb2, 0x2f, 0x3c, 0xb6, 0x85, 0x03, 0xbd, 0x51, 0xbc, 0x00,
    0xbd, 0x40, 0xbb, 0x7f, 0x3c, 0xdb, 0xec, 0x00, 0x3a, 0x20, 0xac, 0x0d, 0xbd, 0x1c, 0xfa, 0x39,
    0xbc, 0xca, 0xa8, 0x00, 0xbc, 0xae, 0xdd, 0x8e, 0xbb, 0x5d, 0x98, 0x2b, 0x3c, 0xa8, 0xe0, 0x71,
    0xbd, 0x84, 0xd0, 0x04, 0xbd, 0x2d, 0x16, 0xbf, 0x3d, 0x48, 0x06, 0x63, 0xbd, 0x09, 0x10, 0x62,
    0xbe, 0x80, 0x66, 0x7c, 0xbc, 0xb9, 0x57, 0xbf, 0x3d, 0xd4, 0x96, 0x9d, 0x3a, 0x05, 0xe4, 0xa8,
    0x39, 0x89, 0xaf, 0x18, 0xba, 0x70, 0xf9, 0x08, 0x3a, 0xd4, 0x50, 0xb6, 0x39, 0x2e, 0x04, 0x97,
    0xb8, 0x42, 0x2a, 0x96, 0x39, 0x06, 0x6d, 0xbb, 0x38, 0xd5, 0xdd, 0xd5, 0x38, 0x29, 0xb0, 0xbe,
    0x39, 0x6d, 0x60, 0x83, 0x38, 0x5a, 0x7b, 0x08, 0x36, 0x36, 0x0c, 0x93, 0x39, 0x24, 0x27, 0x88,
    0x39, 0x90, 0xc7, 0xa1, 0x38, 0x99, 0x3e, 0x40, 0xb6, 0xdb, 0xca, 0x88, 0x39, 0x78, 0x38, 0xbd,
    0x39, 0x2a, 0x52, 0xd9, 0xb8, 0x17, 0xe7, 0xa8, 0x38, 0x61, 0x4c, 0xf7, 0x39, 0x3d, 0xd0, 0xa4,
    0xb8, 0x32, 0x6b, 0x0b, 0x39, 0x25, 0x7d, 0xf6, 0x39, 0xe7, 0x98, 0xdb, 0xb9, 0x15, 0xa5, 0xa3,
    0x39, 0x72, 0x93, 0x76, 0x3a, 0xb7, 0x9a, 0x77, 0xba, 0xb8, 0x01, 0x50, 0xb9, 0x66, 0xac, 0xd7,
    0x3a, 0x2d, 0x35, 0xde, 0xb9, 0x85, 0x66, 0x69, 0xba, 0xaa, 0x5d, 0x8a, 0xbc, 0xf0, 0xbf, 0x3a,
    0xbd, 0xd5, 0x71, 0xf1, 0xbc, 0xce, 0x2e, 0x23, 0x3c, 0x3e, 0xe7, 0x06, 0x3d, 0x7e, 0x73, 0xb6,
    0x3c, 0x0b, 0x02, 0x8c, 0xbb, 0x16, 0xef, 0x96, 0xbc, 0x1e, 0xb5, 0x38, 0xbc, 0xad, 0x67, 0x51,
    0x3b, 0xd8, 0xbf, 0x0f, 0x3c, 0x51, 0x3f, 0x86, 0x3b, 0x0b, 0x58, 0xc2, 0xba, 0x93, 0x74, 0x23,
    0xbb, 0xa5, 0xf6, 0xf6, 0xba, 0x08, 0x50, 0x28, 0xbb, 0x66, 0x2a, 0xbe, 0xba, 0x70, 0x16, 0x8c,
    0x3b, 0xab, 0x0c, 0x11, 0x3c, 0x19, 0xb1, 0x41, 0x3b, 0xf2, 0xb5, 0x3e, 0xbc, 0x25, 0xfd, 0x96,
    0xbc, 0xf6, 0xfd, 0x74, 0xbb, 0xac, 0x4d, 0xbb, 0x3c, 0xb0, 0xa2, 0x06, 0x3d, 0xa0, 0x8d, 0x15,
    0x3c, 0x22, 0x49, 0xf8, 0xbc, 0x6c, 0x7b, 0x3a, 0xbd, 0x30, 0x16, 0x82, 0xbc, 0x85, 0xb0, 0x0e,
    0x3d, 0x5a, 0xa3, 0x72, 0x3d, 0x9c, 0x93, 0x0a, 0x3d, 0x2d, 0x16, 0xbf, 0x3d, 0x84, 0xd0, 0x04,
    0xbd, 0xa8, 0xe0, 0x71, 0xbd, 0x5d, 0x98, 0x2b, 0x3c, 0xae, 0xdd, 0x8e, 0xbb, 0xca, 0xa8, 0x00,
    0xbc, 0x1c, 0xfa, 0x39, 0xbc, 0x20, 0xac, 0x0d, 0xbd, 0xdb, 0xec, 0x00, 0x3a, 0x40, 0xbb, 0x7f,
    0x3c, 0x51, 0xbc, 0x00, 0xbd, 0xb6, 0x85, 0x03, 0xbd, 0x2e, 0xb2, 0x2f, 0x3c, 0xe8, 0xac, 0xf1,
    0x3b, 0xf9, 0xeb, 0xfc, 0xbc, 0x19, 0xee, 0xe5, 0xbc, 0x70, 0xbc, 0x2e, 0x3c, 0xfc, 0x02, 0x7f,
    0x3b, 0xd1, 0xf1, 0xf8, 0xbc, 0x78, 0xdc, 0x9c, 0xbc, 0x06, 0xbe, 0xb9, 0x39, 0x08, 0xf7, 0xc6,
    0x3a, 0x8c, 0x8b, 0x0d, 0xbc, 0x46, 0x1f, 0x2c, 0xbd, 0xe7, 0x46, 0xb3, 0xbb, 0x04, 0x6d, 0x44,
    0x3d, 0x15, 0x62, 0x60, 0xbd, 0xef, 0x19, 0x8b, 0xbd, 0xb9, 0x57, 0xbf, 0x3d, 0x80, 0x66, 0x7c,
    0xbc, 0x09, 0x10, 0x62, 0xbe, 0x48, 0x06, 0x63, 0xbd, 0xb7, 0x9a, 0x77, 0xba, 0x72, 0x93, 0x76,
    0x3a, 0x15, 0xa5, 0xa3, 0x39, 0xe7, 0x98, 0xdb, 0xb9, 0x25, 0x7d, 0xf6, 0x39, 0x32, 0x6b, 0x0b,
    0x39, 0x3d, 0xd0, 0xa4, 0xb8, 0x61, 0x4c, 0xf7, 0x39, 0x17, 0xe7, 0xa8, 0x38, 0x2a, 0x52, 0xd9,
    0xb8, 0x78, 0x38, 0xbd, 0x39, 0xdb, 0xca, 0x88, 0x39, 0x99, 0x3e, 0x40, 0xb6, 0x90, 0xc7, 0xa1,
    0x38, 0x24, 0x27, 0x88, 0x39, 0x36, 0x0c, 0x93, 0x39, 0x5a, 0x7b, 0x08, 0x36, 0x6d, 0x60, 0x83,
    0x38, 0x29, 0xb0, 0xbe, 0x39, 0xd5, 0xdd, 0xd5, 0x38, 0x06, 0x6d, 0xbb, 0x38, 0x42, 0x2a, 0x96,
    0x39, 0x2e, 0x04, 0x97, 0xb8, 0xd4, 0x50, 0xb6, 0x39, 0x70, 0xf9, 0x08, 0x3a, 0x89, 0xaf, 0x18,
    0xba, 0x05, 0xe4, 0xa8, 0x39, 0xd4, 0x96, 0x9d, 0x3a, 0x85, 0x66, 0x69, 0xba, 0x2d, 0x35, 0xde,
    0xb9, 0x66, 0xac, 0xd7, 0x3a, 0xb8, 0x01, 0x50, 0xb9, 0xcb, 0xce, 0x0c, 0xbd, 0xf7, 0xd2, 0x8d,
    0x3c, 0xe6, 0x7d, 0x3e, 0x3d, 0x32, 0x7f, 0xf5, 0x3c, 0x17, 0x7c, 0x28, 0xbc, 0x7a, 0xc3, 0x09,
    0xbd, 0x62, 0x59, 0xb9, 0xbc, 0x20, 0x4f, 0x93, 0x3b, 0x94, 0x52, 0x9a, 0x3c, 0xe2, 0xee, 0x3a,
    0x3c, 0xc5, 0xc4, 0x5d, 0xbb, 0xbc, 0x22, 0x13, 0xbc, 0xd7, 0x77, 0x86, 0xbb, 0x27, 0xa2, 0xcf,
    0x3a, 0x12, 0xfb, 0x24, 0x3b, 0x99, 0x32, 0xf0, 0x3a, 0x2c, 0x82, 0x29, 0x3b, 0xbc, 0x72, 0xcb,
    0x3a, 0xc4, 0x06, 0x8c, 0xbb, 0xcf, 0x55, 0x14, 0xbc, 0x5f, 0x99, 0x4e, 0xbb, 0xd1, 0xab, 0x40,
    0x3c, 0x92, 0x5b, 0x9a, 0x3c, 0x69, 0x7f, 0x82, 0x3b, 0xbe, 0xfd, 0xbd, 0xbc, 0x93, 0x80, 0x09,
    0xbd, 0xfe, 0x6d, 0x1b, 0xbc, 0x4a, 0x0a, 0xfc, 0x3c, 0x6d, 0x3b, 0x3e, 0x3d, 0xaf, 0xe5, 0x85,
    0x3c, 0x71, 0xbe, 0x10, 0xbd, 0x68, 0xca, 0x76, 0xbd, 0xe5, 0x12, 0x95, 0xbc, 0xcf, 0x65, 0xc2,
    0x3d, 0x4e, 0xb2, 0x90, 0xbd, 0x97, 0xd8, 0x72, 0xbd, 0xef, 0xed, 0x49, 0x3d, 0xcc, 0x28, 0x9a,
    0xbb, 0x2b, 0xbf, 0x3a, 0xbd, 0xa2, 0xf4, 0x29, 0xbc, 0xb0, 0x9e, 0x34, 0x3b, 0x7b, 0x25, 0x7a,
    0x38, 0xe1, 0x7d, 0xab, 0xbc, 0xa4, 0xe5, 0xfb, 0xbc, 0x5b, 0x18, 0x92, 0x3b, 0x72, 0x05, 0x2c,
    0x3c, 0x87, 0xa3, 0xe9, 0xbc, 0x21, 0x9a, 0xf8, 0xbc, 0xc9, 0x91, 0x02, 0x3c, 0xba, 0x46, 0x2b,
    0x3c, 0xea, 0xee, 0x00, 0xbd, 0xa9, 0x9d, 0xf3, 0xbc, 0xa6, 0x33, 0x85, 0x3c, 0x57, 0x40, 0xf8,
    0xb7, 0x6d, 0x9b, 0x07, 0xbd, 0xd3, 0x8a, 0xfd, 0xbb, 0x62, 0x37, 0xfe, 0xbb, 0xe0, 0xe7, 0xba,
    0xbb, 0x84, 0xf4, 0x70, 0x3c, 0x3e, 0xd9, 0x61, 0xbd, 0xb2, 0x30, 0x0b, 0xbd, 0xa9, 0xd0, 0xc2,
    0x3d, 0x6d, 0x75, 0x4e, 0xbd, 0x57, 0xc3, 0x63, 0xbe, 0x52, 0xac, 0xc9, 0xb9, 0x23, 0x61, 0x75,
    0xba, 0x08, 0x52, 0x9c, 0x3a, 0x61, 0x37, 0xa5, 0x39, 0xe5, 0x27, 0x2d, 0xba, 0x5d, 0xb2, 0xf5,
    0x39, 0x58, 0xe4, 0xb0, 0x39, 0xae, 0x9e, 0xe8, 0xb8, 0xc4, 0x4f, 0x7f, 0x39, 0x0f, 0x13, 0xa5,
    0x38, 0xb4, 0x09, 0xcc, 0x38, 0x08, 0x6f, 0xb5, 0x39, 0x7b, 0x35, 0x34, 0x38, 0xc5, 0xe7, 0x7f,
    0xb6, 0x8c, 0x0f, 0x92, 0x39, 0xe1, 0x1b, 0x80, 0x39, 0xa0, 0x37, 0x88, 0x38, 0x78, 0x6d, 0x83,
    0x35, 0xd7, 0x36, 0x89, 0x39, 0xf1, 0xf6, 0xb6, 0x39, 0x7e, 0x7e, 0xef, 0xb8, 0x1b, 0xd8, 0xb6,
    0x38, 0x77, 0x05, 0xf9, 0x39, 0xfc, 0x0e, 0xda, 0xb8, 0x76, 0xc1, 0x0d, 0x39, 0x81, 0x5a, 0x08,
    0x3a, 0x81, 0x36, 0xd5, 0xb9, 0x86, 0xbd, 0xaa, 0x39, 0x27, 0xa3, 0x87, 0x3a, 0xba, 0x56, 0x67,
    0xba, 0x2d, 0xa5, 0x46, 0xb9, 0xfc, 0x78, 0xe0, 0x3a, 0x02, 0x20, 0x00, 0x00, 0x40, 0x00, 0x00,
    0x00, 0xd8, 0x65, 0x3f, 0x42, 0xff, 0xff, 0xff, 0xff, 0xff, 0xff, 0xff, 0xff, 0x00, 0x00, 0x00,
    0x00, 0x00, 0x00, 0x00, 0x00, 0x15, 0xd1, 0x76, 0x3d, 0xc2, 0xc1, 0x10, 0x3d, 0x5b, 0xec, 0x85,
    0xbc, 0xc3, 0x41, 0x3e, 0xbd, 0xf5, 0x0f, 0xfc, 0xbc, 0x90, 0x7a, 0x1b, 0x3c, 0xf5, 0x85, 0x09,
    0x3d, 0x00, 0x02, 0xbe, 0x3c, 0x47, 0x94, 0x82, 0xbb, 0x8b, 0x63, 0x9a, 0xbc, 0x5f, 0xb1, 0x40,
    0xbc, 0x83, 0xb5, 0x4e, 0x3b, 0x5e, 0x5f, 0x14, 0x3c, 0x5a, 0x0d, 0x8c, 0x3b, 0x67, 0x86, 0xcb,
    0xba, 0x04, 0x8f, 0x29, 0xbb, 0xc9, 0x45, 0xf0, 0xba, 0xaa, 0x07, 0x25, 0xbb, 0x0a, 0xb6, 0xcf,
    0xba, 0x18, 0x7e, 0x86, 0x3b, 0x2e, 0x2c, 0x13, 0x3c, 0x88, 0xe1, 0x5d, 0x3b, 0x1e, 0xf4, 0x3a,
    0xbc, 0x7d, 0x5a, 0x9a, 0xbc, 0x93, 0x64, 0x93, 0xbb, 0x6c, 0x5d, 0xb9, 0x3c, 0xd5, 0xc8, 0x09,
    0x3d, 0x13, 0x89, 0x28, 0x3c, 0x99, 0x84, 0xf5, 0xbc, 0x38, 0x84, 0x3e, 0xbd, 0xe4, 0xd9, 0x8d,
    0xbc, 0xf9, 0xd1, 0x0c, 0x3d, 0x14, 0xc7, 0x63, 0xbe, 0x2a, 0x73, 0x4e, 0xbd, 0xba, 0xd4, 0xc2,
    0x3d, 0x67, 0x3b, 0x0b, 0xbd, 0x94, 0xdc, 0x61, 0xbd, 0x22, 0x0e, 0x71, 0x3c, 0x72, 0x16, 0xbb,
    0xbb, 0x38, 0x57, 0xfe, 0xbb, 0x3f, 0x6e, 0xfd, 0xbb, 0x6e, 0x9f, 0x07, 0xbd, 0x07, 0x21, 0x0b,
    0xb8, 0x66, 0x38, 0x85, 0x3c, 0x86, 0xa2, 0xf3, 0xbc, 0x4f, 0xf3, 0x00, 0xbd, 0xbf, 0x49, 0x2b,
    0x3c, 0xd8, 0x90, 0x02, 0x3c, 0x56, 0xa2, 0xf8, 0xbc, 0x8f, 0xa6, 0xe9, 0xbc, 0x5d, 0x08, 0x2c,
    0x3c, 0x9f, 0xff, 0x91, 0x3b, 0x66, 0xea, 0xfb, 0xbc, 0xe2, 0x7b, 0xab, 0xbc, 0xf0, 0x15, 0x6b,
    0x38, 0xd8, 0x75, 0x34, 0x3b, 0xc4, 0xe6, 0x29, 0xbc, 0x97, 0xc4, 0x3a, 0xbd, 0x6f, 0x55, 0x9a,
    0xbb, 0xa9, 0xf5, 0x49, 0x3d, 0x3d, 0xdc, 0x72, 0xbd, 0x38, 0xb8, 0x90, 0xbd, 0xfe, 0x69, 0xc2,
    0x3d, 0x78, 0x0c, 0x95, 0xbc, 0xb8, 0x96, 0x0a, 0xbd, 0xe3, 0xa9, 0x72, 0xbd, 0xc6, 0xb3, 0x0e,
    0xbd, 0xb5, 0x1c, 0x82, 0x3c, 0xa1, 0x81, 0x3a, 0x3d, 0xb5, 0x4e, 0xf8, 0x3c, 0xe2, 0x99, 0x15,
    0xbc, 0xf6, 0xa7, 0x06, 0xbd, 0xe1, 0x51, 0xbb, 0xbc, 0x96, 0x26, 0x75, 0x3b, 0xf7, 0x04, 0x97,
    0x3c, 0x7b, 0xbb, 0x3e, 0x3c, 0x63, 0xcc, 0x41, 0xbb, 0x0f, 0x16, 0x11, 0xbc, 0x13, 0x1d, 0x8c,
    0xbb, 0x39, 0x3d, 0xbe, 0x3a, 0xc7, 0x5c, 0x28, 0x3b, 0x24, 0x0a, 0xf7, 0x3a, 0x0c, 0x81, 0x23,
    0x3b, 0x16, 0x6b, 0xc2, 0x3a, 0x9b, 0x45, 0x86, 0xbb, 0x1d, 0xc9, 0x0f, 0xbc, 0x9b, 0x83, 0x51,
    0xbb, 0x50, 0xba, 0x38, 0x3c, 0xd7, 0xf6, 0x96, 0x3c, 0xf6, 0x16, 0x8c, 0x3b, 0x78, 0x77, 0xb6,
    0xbc, 0x7c, 0xec, 0x06, 0xbd, 0x7e, 0x3b, 0x23, 0xbc, 0x22, 0x77, 0xf1, 0x3c, 0x21, 0xc6, 0x3a,
    0x3d, 0x72, 0x64, 0x8a, 0x3c, 0x7f, 0x04, 0x63, 0xbd, 0xb4, 0x13, 0x62, 0xbe, 0xd3, 0x58, 0x7c,
    0xbc, 0xa8, 0x5b, 0xbf, 0x3d, 0xd0, 0x1f, 0x8b, 0xbd, 0x65, 0x65, 0x60, 0xbd, 0x63, 0x74, 0x44,
    0x3d, 0xc0, 0x74, 0xb3, 0xbb, 0x65, 0x24, 0x2c, 0xbd, 0x15, 0x7e, 0x0d, 0xbc, 0x4a, 0x9d, 0xc6,
    0x3a, 0x46, 0xeb, 0xb7, 0x39, 0x5a, 0xda, 0x9c, 0xbc, 0xe6, 0xf6, 0xf8, 0xbc, 0xf4, 0xd0, 0x7e,
    0x3b, 0x79, 0xbf, 0x2e, 0x3c, 0x31, 0xf1, 0xe5, 0xbc, 0x44, 0xf4, 0xfc, 0xbc, 0x7d, 0xaa, 0xf1,
    0x3b, 0x1c, 0xb5, 0x2f, 0x3c, 0x0f, 0x8a, 0x03, 0xbd, 0xce, 0xbe, 0x00, 0xbd, 0x14, 0xc4, 0x7f,
    0x3c, 0x93, 0x02, 0x00, 0x3a, 0x01, 0xb0, 0x0d, 0xbd, 0x16, 0xed, 0x39, 0xbc, 0xe7, 0xb8, 0x00,
    0xbc, 0x83, 0x09, 0x8f, 0xbb, 0xf2, 0xb0, 0x2b, 0x3c, 0x4b, 0xe4, 0x71, 0xbd, 0xd3, 0xda, 0x04,
    0xbd, 0x3b, 0x1a, 0xbf, 0x3d, 0xb5, 0x1c, 0x82, 0xbc, 0xc6, 0xb3, 0x0e, 0x3d, 0xe3, 0xa9, 0x72,
    0x3d, 0xb8, 0x96, 0x0a, 0x3d, 0x72, 0x64, 0x8a, 0xbc, 0x21, 0xc6, 0x3a, 0xbd, 0x22, 0x77, 0xf1,
    0xbc, 0x7e, 0x3b, 0x23, 0x3c, 0x7c, 0xec, 0x06, 0x3d, 0x78, 0x77, 0xb6, 0x3c, 0xf6, 0x16, 0x8c,
    0xbb, 0xd7, 0xf6, 0x96, 0xbc, 0x50, 0xba, 0x38, 0xbc, 0x9b, 0x83, 0x51, 0x3b, 0x1d, 0xc9, 0x0f,
    0x3c, 0x9b, 0x45, 0x86, 0x3b, 0x16, 0x6b, 0xc2, 0xba, 0x0c, 0x81, 0x23, 0xbb, 0x24, 0x0a, 0xf7,
    0xba, 0xc7, 0x5c, 0x28, 0xbb, 0x39, 0x3d, 0xbe, 0xba, 0x13, 0x1d, 0x8c, 0x3b, 0x0f, 0x16, 0x11,
    0x3c, 0x63, 0xcc, 0x41, 0x3b, 0x7b, 0xbb, 0x3e, 0xbc, 0xf7, 0x04, 0x97, 0xbc, 0x96, 0x26, 0x75,
    0xbb, 0xe1, 0x51, 0xbb, 0x3c, 0xf6, 0xa7, 0x06, 0x3d, 0xe2, 0x99, 0x15, 0x3c, 0xb5, 0x4e, 0xf8,
    0xbc, 0xa1, 0x81, 0x3a, 0xbd, 0xa8, 0x5b, 0xbf, 0x3d, 0xd3, 0x58, 0x7c, 0xbc, 0xb4, 0x13, 0x62,
    0xbe, 0x7f, 0x04, 0x63, 0xbd, 0x3b, 0x1a, 0xbf, 0x3d, 0xd3, 0xda, 0x04, 0xbd, 0x4b, 0xe4, 0x71,
    0xbd, 0xf2, 0xb0, 0x2b, 0x3c, 0x83, 0x09, 0x8f, 0xbb, 0xe7, 0xb8, 0x00, 0xbc, 0x16, 0xed, 0x39,
    0xbc, 0x01, 0xb0, 0x0d, 0xbd, 0x93, 0x02, 0x00, 0x3a, 0x14, 0xc4, 0x7f, 0x3c, 0xce, 0xbe, 0x00,
    0xbd, 0x0f, 0x8a, 0x03, 0xbd, 0x1c, 0xb5, 0x2f, 0x3c, 0x7d, 0xaa, 0xf1, 0x3b, 0x44, 0xf4, 0xfc,
    0xbc, 0x31, 0xf1, 0xe5, 0xbc, 0x79, 0xbf, 0x2e, 0x3c, 0xf4, 0xd0, 0x7e, 0x3b, 0xe6, 0xf6, 0xf8,
    0xbc, 0x5a, 0xda, 0x9c, 0xbc, 0x46, 0xeb, 0xb7, 0x39, 0x4a, 0x9d, 0xc6, 0x3a, 0x15, 0x7e, 0x0d,
    0xbc, 0x65, 0x24, 0x2c, 0xbd, 0xc0, 0x74, 0xb3, 0xbb, 0x63, 0x74, 0x44, 0x3d, 0x65, 0x65, 0x60,
    0xbd, 0xd0, 0x1f, 0x8b, 0xbd, 0xc3, 0x41, 0x3e, 0x3d, 0x5b, 0xec, 0x85, 0x3c, 0xc2, 0xc1, 0x10,
    0xbd, 0x15, 0xd1, 0x76, 0xbd, 0xf9, 0xd1, 0x0c, 0xbd, 0xe4, 0xd9, 0x8d, 0x3c, 0x38, 0x84, 0x3e,
    0x3d, 0x99, 0x84, 0xf5, 0x3c, 0x13, 0x89, 0x28, 0xbc, 0xd5, 0xc8, 0x09, 0xbd, 0x6c, 0x5d, 0xb9,
    0xbc, 0x93, 0x64, 0x93, 0x3b, 0x7d, 0x5a, 0x9a, 0x3c, 0x1e, 0xf4, 0x3a, 0x3c, 0x88, 0xe1, 0x5d,
    0xbb, 0x2e, 0x2c, 0x13, 0xbc, 0x18, 0x7e, 0x86, 0xbb, 0x0a, 0xb6, 0xcf, 0x3a, 0xaa, 0x07, 0x25,
    0x3b, 0xc9, 0x45, 0xf0, 0x3a, 0x04, 0x8f, 0x29, 0x3b, 0x67, 0x86, 0xcb, 0x3a, 0x5a, 0x0d, 0x8c,
    0xbb, 0x5e, 0x5f, 0x14, 0xbc, 0x83, 0xb5, 0x4e, 0xbb, 0x5f, 0xb1, 0x40, 0x3c, 0x8b, 0x63, 0x9a,
    0x3c, 0x47, 0x94, 0x82, 0x3b, 0x00, 0x02, 0xbe, 0xbc, 0xf5, 0x85, 0x09, 0xbd, 0x90, 0x7a, 0x1b,
    0xbc, 0xf5, 0x0f, 0xfc, 0x3c, 0x67, 0x3b, 0x0b, 0xbd, 0xba, 0xd4, 0xc2, 0x3d, 0x2a, 0x73, 0x4e,
    0xbd, 0x14, 0xc7, 0x63, 0xbe, 0x78, 0x0c, 0x95, 0xbc, 0xfe, 0x69, 0xc2, 0x3d, 0x38, 0xb8, 0x90,
    0xbd, 0x3d, 0xdc, 0x72, 0xbd, 0xa9, 0xf5, 0x49, 0x3d, 0x6f, 0x55, 0x9a, 0xbb, 0x97, 0xc4, 0x3a,
    0xbd, 0xc4, 0xe6, 0x29, 0xbc, 0xd8, 0x75, 0x34, 0x3b, 0xf0, 0x15, 0x6b, 0x38, 0xe2, 0x7b, 0xab,
    0xbc, 0x66, 0xea, 0xfb, 0xbc, 0x9f, 0xff, 0x91, 0x3b, 0x5d, 0x08, 0x2c, 0x3c, 0x8f, 0xa6, 0xe9,
    0xbc, 0x56, 0xa2, 0xf8, 0xbc, 0xd8, 0x90, 0x02, 0x3c, 0xbf, 0x49, 0x2b, 0x3c, 0x4f, 0xf3, 0x00,
    0xbd, 0x86, 0xa2, 0xf3, 0xbc, 0x66, 0x38, 0x85, 0x3c, 0x07, 0x21, 0x0b, 0xb8, 0x6e, 0x9f, 0x07,
    0xbd, 0x3f, 0x6e, 0xfd, 0xbb, 0x38, 0x57, 0xfe, 0xbb, 0x72, 0x16, 0xbb, 0xbb, 0x22, 0x0e, 0x71,
    0x3c, 0x94, 0xdc, 0x61, 0xbd, 0x99, 0x84, 0xf5, 0xbc, 0x38, 0x84, 0x3e, 0xbd, 0xe4, 0xd9, 0x8d,
    0xbc, 0xf9, 0xd1, 0x0c, 0x3d, 0x15, 0xd1, 0x76, 0x3d, 0xc2, 0xc1, 0x10, 0x3d, 0x5b, 0xec, 0x85,
    0xbc, 0xc3, 0x41, 0x3e, 0xbd, 0xf5, 0x0f, 0xfc, 0xbc, 0x90, 0x7a, 0x1b, 0x3c, 0xf5, 0x85, 0x09,
    0x3d, 0x00, 0x02, 0xbe, 0x3c, 0x47, 0x94, 0x82, 0xbb, 0x8b, 0x63, 0x9a, 0xbc, 0x5f, 0xb1, 0x40,
    0xbc, 0x83, 0xb5, 0x4e, 0x3b, 0x5e, 0x5f, 0x14, 0x3c, 0x5a, 0x0d, 0x8c, 0x3b, 0x67, 0x86, 0xcb,
    0xba, 0x04, 0x8f, 0x29, 0xbb, 0xc9, 0x45, 0xf0, 0xba, 0xaa, 0x07, 0x25, 0xbb, 0x0a, 0xb6, 0xcf,
    0xba, 0x18, 0x7e, 0x86, 0x3b, 0x2e, 0x2c, 0x13, 0x3c, 0x88, 0xe1, 0x5d, 0x3b, 0x1e, 0xf4, 0x3a,
    0xbc, 0x7d, 0x5a, 0x9a, 0xbc, 0x93, 0x64, 0x93, 0xbb, 0x6c, 0x5d, 0xb9, 0x3c, 0xd5, 0xc8, 0x09,
    0x3d, 0x13, 0x89, 0x28, 0x3c, 0x3d, 0xdc, 0x72, 0xbd, 0x38, 0xb8, 0x90, 0xbd, 0xfe, 0x69, 0xc2,
    0x3d, 0x78, 0x0c, 0x95, 0xbc, 0x14, 0xc7, 0x63, 0xbe, 0x2a, 0x73, 0x4e, 0xbd, 0xba, 0xd4, 0xc2,
    0x3d, 0x67, 0x3b, 0x0b, 0xbd, 0x94, 0xdc, 0x61, 0xbd, 0x22, 0x0e, 0x71, 0x3c, 0x72, 0x16, 0xbb,
    0xbb, 0x38, 0x57, 0xfe, 0xbb, 0x3f, 0x6e, 0xfd, 0xbb, 0x6e, 0x9f, 0x07, 0xbd, 0x07, 0x21, 0x0b,
    0xb8, 0x66, 0x38, 0x85, 0x3c, 0x86, 0xa2, 0xf3, 0xbc, 0x4f, 0xf3, 0x00, 0xbd, 0xbf, 0x49, 0x2b,
    0x3c, 0xd8, 0x90, 0x02, 0x3c, 0x56, 0xa2, 0xf8, 0xbc, 0x8f, 0xa6, 0xe9, 0xbc, 0x5d, 0x08, 0x2c,
    0x3c, 0x9f, 0xff, 0x91, 0x3b, 0x66, 0xea, 0xfb, 0xbc, 0xe2, 0x7b, 0xab, 0xbc, 0xf0, 0x15, 0x6b,
    0x38, 0xd8, 0x75, 0x34, 0x3b, 0xc4, 0xe6, 0x29, 0xbc, 0x97, 0xc4, 0x3a, 0xbd, 0x6f, 0x55, 0x9a,
    0xbb, 0xa9, 0xf5, 0x49, 0x3d, 0x7e, 0x3b, 0x23, 0xbc, 0x22, 0x77, 0xf1, 0x3c, 0x21, 0xc6, 0x3a,
    0x3d, 0x72, 0x64, 0x8a, 0x3c, 0xb8, 0x96, 0x0a, 0xbd, 0xe3, 0xa9, 0x72, 0xbd, 0xc6, 0xb3, 0x0e,
    0xbd, 0xb5, 0x1c, 0x82, 0x3c, 0xa1, 0x81, 0x3a, 0x3d, 0xb5, 0x4e, 0xf8, 0x3c, 0xe2, 0x99, 0x15,
    0xbc, 0xf6, 0xa7, 0x06, 0xbd, 0xe1, 0x51, 0xbb, 0xbc, 0x96, 0x26, 0x75, 0x3b, 0xf7, 0x04, 0x97,
    0x3c, 0x7b, 0xbb, 0x3e, 0x3c, 0x63, 0xcc, 0x41, 0xbb, 0x0f, 0x16, 0x11, 0xbc, 0x13, 0x1d, 0x8c,
    0xbb, 0x39, 0x3d, 0xbe, 0x3a, 0xc7, 0x5c, 0x28, 0x3b, 0x24, 0x0a, 0xf7, 0x3a, 0x0c, 0x81, 0x23,
    0x3b, 0x16, 0x6b, 0xc2, 0x3a, 0x9b, 0x45, 0x86, 0xbb, 0x1d, 0xc9, 0x0f, 0xbc, 0x9b, 0x83, 0x51,
    0xbb, 0x50, 0xba, 0x38, 0x3c, 0xd7, 0xf6, 0x96, 0x3c, 0xf6, 0x16, 0x8c, 0x3b, 0x78, 0x77, 0xb6,
    0xbc, 0x7c, 0xec, 0x06, 0xbd, 0xf2, 0xb0, 0x2b, 0x3c, 0x4b, 0xe4, 0x71, 0xbd, 0xd3, 0xda, 0x04,
    0xbd, 0x3b, 0x1a, 0xbf, 0x3d, 0x7f, 0x04, 0x63, 0xbd, 0xb4, 0x13, 0x62, 0xbe, 0xd3, 0x58, 0x7c,
    0xbc, 0xa8, 0x5b, 0xbf, 0x3d, 0xd0, 0x1f, 0x8b, 0xbd, 0x65, 0x65, 0x60, 0xbd, 0x63, 0x74, 0x44,
    0x3d, 0xc0, 0x74, 0xb3, 0xbb, 0x65, 0x24, 0x2c, 0xbd, 0x15, 0x7e, 0x0d, 0xbc, 0x4a, 0x9d, 0xc6,
    0x3a, 0x46, 0xeb, 0xb7, 0x39, 0x5a, 0xda, 0x9c, 0xbc, 0xe6, 0xf6, 0xf8, 0xbc, 0xf4, 0xd0, 0x7e,
    0x3b, 0x79, 0xbf, 0x2e, 0x3c, 0x31, 0xf1, 0xe5, 0xbc, 0x44, 0xf4, 0xfc, 0xbc, 0x7d, 0xaa, 0xf1,
    0x3b, 0x1c, 0xb5, 0x2f, 0x3c, 0x0f, 0x8a, 0x03, 0xbd, 0xce, 0xbe, 0x00, 0xbd, 0x14, 0xc4, 0x7f,
    0x3c, 0x93, 0x02, 0x00, 0x3a, 0x01, 0xb0, 0x0d, 0xbd, 0x16, 0xed, 0x39, 0xbc, 0xe7, 0xb8, 0x00,
    0xbc, 0x83, 0x09, 0x8f, 0xbb, 0xf6, 0xa7, 0x06, 0x3d, 0xe2, 0x99, 0x15, 0x3c, 0xb5, 0x4e, 0xf8,
    0xbc, 0xa1, 0x81, 0x3a, 0xbd, 0xb5, 0x1c, 0x82, 0xbc, 0xc6, 0xb3, 0x0e, 0x3d, 0xe3, 0xa9, 0x72,
    0x3d, 0xb8, 0x96, 0x0a, 0x3d, 0x72, 0x64, 0x8a, 0xbc, 0x21, 0xc6, 0x3a, 0xbd, 0x22, 0x77, 0xf1,
    0xbc, 0x7e, 0x3b, 0x23, 0x3c, 0x7c, 0xec, 0x06, 0x3d, 0x78, 0x77, 0xb6, 0x3c, 0xf6, 0x16, 0x8c,
    0xbb, 0xd7, 0xf6, 0x96, 0xbc, 0x50, 0xba, 0x38, 0xbc, 0x9b, 0x83, 0x51, 0x3b, 0x1d, 0xc9, 0x0f,
    0x3c, 0x9b, 0x45, 0x86, 0x3b, 0x16, 0x6b, 0xc2, 0xba, 0x0c, 0x81, 0x23, 0xbb, 0x24, 0x0a, 0xf7,
    0xba, 0xc7, 0x5c, 0x28, 0xbb, 0x39, 0x3d, 0xbe, 0xba, 0x13, 0x1d, 0x8c, 0x3b, 0x0f, 0x16, 0x11,
    0x3c, 0x63, 0xcc, 0x41, 0x3b, 0x7b, 0xbb, 0x3e, 0xbc, 0xf7, 0x04, 0x97, 0xbc, 0x96, 0x26, 0x75,
    0xbb, 0xe1, 0x51, 0xbb, 0x3c, 0xc0, 0x74, 0xb3, 0xbb, 0x63, 0x74, 0x44, 0x3d, 0x65, 0x65, 0x60,
    0xbd, 0xd0, 0x1f, 0x8b, 0xbd, 0xa8, 0x5b, 0xbf, 0x3d, 0xd3, 0x58, 0x7c, 0xbc, 0xb4, 0x13, 0x62,
    0xbe, 0x7f, 0x04, 0x63, 0xbd, 0x3b, 0x1a, 0xbf, 0x3d, 0xd3, 0xda, 0x04, 0xbd, 0x4b, 0xe4, 0x71,
    0xbd, 0xf2, 0xb0, 0x2b, 0x3c, 0x83, 0x09, 0x8f, 0xbb, 0xe7, 0xb8, 0x00, 0xbc, 0x16, 0xed, 0x39,
    0xbc, 0x01, 0xb0, 0x0d, 0xbd, 0x93, 0x02, 0x00, 0x3a, 0x14, 0xc4, 0x7f, 0x3c, 0xce, 0xbe, 0x00,
    0xbd, 0x0f, 0x8a, 0x03, 0xbd, 0x1c, 0xb5, 0x2f, 0x3c, 0x7d, 0xaa, 0xf1, 0x3b, 0x44, 0xf4, 0xfc,
    0xbc, 0x31, 0xf1, 0xe5, 0xbc, 0x79, 0xbf, 0x2e, 0x3c, 0xf4, 0xd0, 0x7e, 0x3b, 0xe6, 0xf6, 0xf8,
    0xbc, 0x5a, 0xda, 0x9c, 0xbc, 0x46, 0xeb, 0xb7, 0x39, 0x4a, 0x9d, 0xc6, 0x3a, 0x15, 0x7e, 0x0d,
    0xbc, 0x65, 0x24, 0x2c, 0xbd, 0x00, 0x02, 0xbe, 0xbc, 0xf5, 0x85, 0x09, 0xbd, 0x90, 0x7a, 0x1b,
    0xbc, 0xf5, 0x0f, 0xfc, 0x3c, 0xc3, 0x41, 0x3e, 0x3d, 0x5b, 0xec, 0x85, 0x3c, 0xc2, 0xc1, 0x10,
    0xbd, 0x15, 0xd1, 0x76, 0xbd, 0xf9, 0xd1, 0x0c, 0xbd, 0xe4, 0xd9, 0x8d, 0x3c, 0x38, 0x84, 0x3e,
    0x3d, 0x99, 0x84, 0xf5, 0x3c, 0x13, 0x89, 0x28, 0xbc, 0xd5, 0xc8, 0x09, 0xbd, 0x6c, 0x5d, 0xb9,
    0xbc, 0x93, 0x64, 0x93, 0x3b, 0x7d, 0x5a, 0x9a, 0x3c, 0x1e, 0xf4, 0x3a, 0x3c, 0x88, 0xe1, 0x5d,
    0xbb, 0x2e, 0x2c, 0x13, 0xbc, 0x18, 0x7e, 0x86, 0xbb, 0x0a, 0xb6, 0xcf, 0x3a, 0xaa, 0x07, 0x25,
    0x3b, 0xc9, 0x45, 0xf0, 0x3a, 0x04, 0x8f, 0x29, 0x3b, 0x67, 0x86, 0xcb, 0x3a, 0x5a, 0x0d, 0x8c,
    0xbb, 0x5e, 0x5f, 0x14, 0xbc, 0x83, 0xb5, 0x4e, 0xbb, 0x5f, 0xb1, 0x40, 0x3c, 0x8b, 0x63, 0x9a,
    0x3c, 0x47, 0x94, 0x82, 0x3b, 0x38, 0x57, 0xfe, 0xbb, 0x72, 0x16, 0xbb, 0xbb, 0x22, 0x0e, 0x71,
    0x3c, 0x94, 0xdc, 0x61, 0xbd, 0x67, 0x3b, 0x0b, 0xbd, 0xba, 0xd4, 0xc2, 0x3d, 0x2a, 0x73, 0x4e,
    0xbd, 0x14, 0xc7, 0x63, 0xbe, 0x78, 0x0c, 0x95, 0xbc, 0xfe, 0x69, 0xc2, 0x3d, 0x38, 0xb8, 0x90,
    0xbd, 0x3d, 0xdc, 0x72, 0xbd, 0xa9, 0xf5, 0x49, 0x3d, 0x6f, 0x55, 0x9a, 0xbb, 0x97, 0xc4, 0x3a,
    0xbd, 0xc4, 0xe6, 0x29, 0xbc, 0xd8, 0x75, 0x34, 0x3b, 0xf0, 0x15, 0x6b, 0x38, 0xe2, 0x7b, 0xab,
    0xbc, 0x66, 0xea, 0xfb, 0xbc, 0x9f, 0xff, 0x91, 0x3b, 0x5d, 0x08, 0x2c, 0x3c, 0x8f, 0xa6, 0xe9,
    0xbc, 0x56, 0xa2, 0xf8, 0xbc, 0xd8, 0x90, 0x02, 0x3c, 0xbf, 0x49, 0x2b, 0x3c, 0x4f, 0xf3, 0x00,
    0xbd, 0x86, 0xa2, 0xf3, 0xbc, 0x66, 0x38, 0x85, 0x3c, 0x07, 0x21, 0x0b, 0xb8, 0x6e, 0x9f, 0x07,
    0xbd, 0x3f, 0x6e, 0xfd, 0xbb, 0x93, 0x64, 0x93, 0xbb, 0x6c, 0x5d, 0xb9, 0x3c, 0xd5, 0xc8, 0x09,
    0x3d, 0x13, 0x89, 0x28, 0x3c, 0x99, 0x84, 0xf5, 0xbc, 0x38, 0x84, 0x3e, 0xbd, 0xe4, 0xd9, 0x8d,
    0xbc, 0xf9, 0xd1, 0x0c, 0x3d, 0x15, 0xd1, 0x76, 0x3d, 0xc2, 0xc1, 0x10, 0x3d, 0x5b, 0xec, 0x85,
    0xbc, 0xc3, 0x41, 0x3e, 0xbd, 0xf5, 0x0f, 0xfc, 0xbc, 0x90, 0x7a, 0x1b, 0x3c, 0xf5, 0x85, 0x09,
    0x3d, 0x00, 0x02, 0xbe, 0x3c, 0x47, 0x94, 0x82, 0xbb, 0x8b, 0x63, 0x9a, 0xbc, 0x5f, 0xb1, 0x40,
    0xbc, 0x83, 0xb5, 0x4e, 0x3b, 0x5e, 0x5f, 0x14, 0x3c, 0x5a, 0x0d, 0x8c, 0x3b, 0x67, 0x86, 0xcb,
    0xba, 0x04, 0x8f, 0x29, 0xbb, 0xc9, 0x45, 0xf0, 0xba, 0xaa, 0x07, 0x25, 0xbb, 0x0a, 0xb6, 0xcf,
    0xba, 0x18, 0x7e, 0x86, 0x3b, 0x2e, 0x2c, 0x13, 0x3c, 0x88, 0xe1, 0x5d, 0x3b, 0x1e, 0xf4, 0x3a,
    0xbc, 0x7d, 0x5a, 0x9a, 0xbc, 0xc4, 0xe6, 0x29, 0xbc, 0x97, 0xc4, 0x3a, 0xbd, 0x6f, 0x55, 0x9a,
    0xbb, 0xa9, 0xf5, 0x49, 0x3d, 0x3d, 0xdc, 0x72, 0xbd, 0x38, 0xb8, 0x90, 0xbd, 0xfe, 0x69, 0xc2,
    0x3d, 0x78, 0x0c, 0x95, 0xbc, 0x14, 0xc7, 0x63, 0xbe, 0x2a, 0x73, 0x4e, 0xbd, 0xba, 0xd4, 0xc2,
    0x3d, 0x67, 0x3b, 0x0b, 0xbd, 0x94, 0xdc, 0x61, 0xbd, 0x22, 0x0e, 0x71, 0x3c, 0x72, 0x16, 0xbb,
    0xbb, 0x38, 0x57, 0xfe, 0xbb, 0x3f, 0x6e, 0xfd, 0xbb, 0x6e, 0x9f, 0x07, 0xbd, 0x07, 0x21, 0x0b,
    0xb8, 0x66, 0x38, 0x85, 0x3c, 0x86, 0xa2, 0xf3, 0xbc, 0x4f, 0xf3, 0x00, 0xbd, 0xbf, 0x49, 0x2b,
    0x3c, 0xd8, 0x90, 0x02, 0x3c, 0x56, 0xa2, 0xf8, 0xbc, 0x8f, 0xa6, 0xe9, 0xbc, 0x5d, 0x08, 0x2c,
    0x3c, 0x9f, 0xff, 0x91, 0x3b, 0x66, 0xea, 0xfb, 0xbc, 0xe2, 0x7b, 0xab, 0xbc, 0xf0, 0x15, 0x6b,
    0x38, 0xd8, 0x75, 0x34, 0x3b, 0xd7, 0xf6, 0x96, 0x3c, 0xf6, 0x16, 0x8c, 0x3b, 0x78, 0x77, 0xb6,
    0xbc, 0x7c, 0xec, 0x06, 0xbd, 0x7e, 0x3b, 0x23, 0xbc, 0x22, 0x77, 0xf1, 0x3c, 0x21, 0xc6, 0x3a,
    0x3d, 0x72, 0x64, 0x8a, 0x3c, 0xb8, 0x96, 0x0a, 0xbd, 0xe3, 0xa9, 0x72, 0xbd, 0xc6, 0xb3, 0x0e,
    0xbd, 0xb5, 0x1c, 0x82, 0x3c, 0xa1, 0x81, 0x3a, 0x3d, 0xb5, 0x4e, 0xf8, 0x3c, 0xe2, 0x99, 0x15,
    0xbc, 0xf6, 0xa7, 0x06, 0xbd, 0xe1, 0x51, 0xbb, 0xbc, 0x96, 0x26, 0x75, 0x3b, 0xf7, 0x04, 0x97,
    0x3c, 0x7b, 0xbb, 0x3e, 0x3c, 0x63, 0xcc, 0x41, 0xbb, 0x0f, 0x16, 0x11, 0xbc, 0x13, 0x1d, 0x8c,
    0xbb, 0x39, 0x3d, 0xbe, 0x3a, 0xc7, 0x5c, 0x28, 0x3b, 0x24, 0x0a, 0xf7, 0x3a, 0x0c, 0x81, 0x23,
    0x3b, 0x16, 0x6b, 0xc2, 0x3a, 0x9b, 0x45, 0x86, 0xbb, 0x1d, 0xc9, 0x0f, 0xbc, 0x9b, 0x83, 0x51,
    0xbb, 0x50, 0xba, 0x38, 0x3c, 0x01, 0xb0, 0x0d, 0xbd, 0x16, 0xed, 0x39, 0xbc, 0xe7, 0xb8, 0x00,
    0xbc, 0x83, 0x09, 0x8f, 0xbb, 0xf2, 0xb0, 0x2b, 0x3c, 0x4b, 0xe4, 0x71, 0xbd, 0xd3, 0xda, 0x04,
    0xbd, 0x3b, 0x1a, 0xbf, 0x3d, 0x7f, 0x04, 0x63, 0xbd, 0xb4, 0x13, 0x62, 0xbe, 0xd3, 0x58, 0x7c,
    0xbc, 0xa8, 0x5b, 0xbf, 0x3d, 0xd0, 0x1f, 0x8b, 0xbd, 0x65, 0x65, 0x60, 0xbd, 0x63, 0x74, 0x44,
    0x3d, 0xc0, 0x74, 0xb3, 0xbb, 0x65, 0x24, 0x2c, 0xbd, 0x15, 0x7e, 0x0d, 0xbc, 0x4a, 0x9d, 0xc6,
    0x3a, 0x46, 0xeb, 0xb7, 0x39, 0x5a, 0xda, 0x9c, 0xbc, 0xe6, 0xf6, 0xf8, 0xbc, 0xf4, 0xd0, 0x7e,
    0x3b, 0x79, 0xbf, 0x2e, 0x3c, 0x31, 0xf1, 0xe5, 0xbc, 0x44, 0xf4, 0xfc, 0xbc, 0x7d, 0xaa, 0xf1,
    0x3b, 0x1c, 0xb5, 0x2f, 0x3c, 0x0f, 0x8a, 0x03, 0xbd, 0xce, 0xbe, 0x00, 0xbd, 0x14, 0xc4, 0x7f,
    0x3c, 0x93, 0x02, 0x00, 0x3a, 0x7b, 0xbb, 0x3e, 0xbc, 0xf7, 0x04, 0x97, 0xbc, 0x96, 0x26, 0x75,
    0xbb, 0xe1, 0x51, 0xbb, 0x3c, 0xf6, 0xa7, 0x06, 0x3d, 0xe2, 0x99, 0x15, 0x3c, 0xb5, 0x4e, 0xf8,
    0xbc, 0xa1, 0x81, 0x3a, 0xbd, 0xb5, 0x1c, 0x82, 0xbc, 0xc6, 0xb3, 0x0e, 0x3d, 0xe3, 0xa9, 0x72,
    0x3d, 0xb8, 0x96, 0x0a, 0x3d, 0x72, 0x64, 0x8a, 0xbc, 0x21, 0xc6, 0x3a, 0xbd, 0x22, 0x77, 0xf1,
    0xbc, 0x7e, 0x3b, 0x23, 0x3c, 0x7c, 0xec, 0x06, 0x3d, 0x78, 0x77, 0xb6, 0x3c, 0xf6, 0x16, 0x8c,
    0xbb, 0xd7, 0xf6, 0x96, 0xbc, 0x50, 0xba, 0x38, 0xbc, 0x9b, 0x83, 0x51, 0x3b, 0x1d, 0xc9, 0x0f,
    0x3c, 0x9b, 0x45, 0x86, 0x3b, 0x16, 0x6b, 0xc2, 0xba, 0x0c, 0x81, 0x23, 0xbb, 0x24, 0x0a, 0xf7,
    0xba, 0xc7, 0x5c, 0x28, 0xbb, 0x39, 0x3d, 0xbe, 0xba, 0x13, 0x1d, 0x8c, 0x3b, 0x0f, 0x16, 0x11,
    0x3c, 0x63, 0xcc, 0x41, 0x3b, 0x46, 0xeb, 0xb7, 0x39, 0x4a, 0x9d, 0xc6, 0x3a, 0x15, 0x7e, 0x0d,
    0xbc, 0x65, 0x24, 0x2c, 0xbd, 0xc0, 0x74, 0xb3, 0xbb, 0x63, 0x74, 0x44, 0x3d, 0x65, 0x65, 0x60,
    0xbd, 0xd0, 0x1f, 0x8b, 0xbd, 0xa8, 0x5b, 0xbf, 0x3d, 0xd3, 0x58, 0x7c, 0xbc, 0xb4, 0x13, 0x62,
    0xbe, 0x7f, 0x04, 0x63, 0xbd, 0x3b, 0x1a, 0xbf, 0x3d, 0xd3, 0xda, 0x04, 0xbd, 0x4b, 0xe4, 0x71,
    0xbd, 0xf2, 0xb0, 0x2b, 0x3c, 0x83, 0x09, 0x8f, 0xbb, 0xe7, 0xb8, 0x00, 0xbc, 0x16, 0xed, 0x39,
    0xbc, 0x01, 0xb0, 0x0d, 0xbd, 0x93, 0x02, 0x00, 0x3a, 0x14, 0xc4, 0x7f, 0x3c, 0xce, 0xbe, 0x00,
    0xbd, 0x0f, 0x8a, 0x03, 0xbd, 0x1c, 0xb5, 0x2f, 0x3c, 0x7d, 0xaa, 0xf1, 0x3b, 0x44, 0xf4, 0xfc,
    0xbc, 0x31, 0xf1, 0xe5, 0xbc, 0x79, 0xbf, 0x2e, 0x3c, 0xf4, 0xd0, 0x7e, 0x3b, 0xe6, 0xf6, 0xf8,
    0xbc, 0x5a, 0xda, 0x9c, 0xbc, 0x83, 0xb5, 0x4e, 0xbb, 0x5f, 0xb1, 0x40, 0x3c, 0x8b, 0x63, 0x9a,
    0x3c, 0x47, 0x94, 0x82, 0x3b, 0x00, 0x02, 0xbe, 0xbc, 0xf5, 0x85, 0x09, 0xbd, 0x90, 0x7a, 0x1b,
    0xbc, 0xf5, 0x0f, 0xfc, 0x3c, 0xc3, 0x41, 0x3e, 0x3d, 0x5b, 0xec, 0x85, 0x3c, 0xc2, 0xc1, 0x10,
    0xbd, 0x15, 0xd1, 0x76, 0xbd, 0xf9, 0xd1, 0x0c, 0xbd, 0xe4, 0xd9, 0x8d, 0x3c, 0x38, 0x84, 0x3e,
    0x3d, 0x99, 0x84, 0xf5, 0x3c, 0x13, 0x89, 0x28, 0xbc, 0xd5, 0xc8, 0x09, 0xbd, 0x6c, 0x5d, 0xb9,
    0xbc, 0x93, 0x64, 0x93, 0x3b, 0x7d, 0x5a, 0x9a, 0x3c, 0x1e, 0xf4, 0x3a, 0x3c, 0x88, 0xe1, 0x5d,
    0xbb, 0x2e, 0x2c, 0x13, 0xbc, 0x18, 0x7e, 0x86, 0xbb, 0x0a, 0xb6, 0xcf, 0x3a, 0xaa, 0x07, 0x25,
    0x3b, 0xc9, 0x45, 0xf0, 0x3a, 0x04, 0x8f, 0x29, 0x3b, 0x67, 0x86, 0xcb, 0x3a, 0x5a, 0x0d, 0x8c,
    0xbb, 0x5e, 0x5f, 0x14, 0xbc, 0x66, 0x38, 0x85, 0x3c, 0x07, 0x21, 0x0b, 0xb8, 0x6e, 0x9f, 0x07,
    0xbd, 0x3f, 0x6e, 0xfd, 0xbb, 0x38, 0x57, 0xfe, 0xbb, 0x72, 0x16, 0xbb, 0xbb, 0x22, 0x0e, 0x71,
    0x3c, 0x94, 0xdc, 0x61, 0xbd, 0x67, 0x3b, 0x0b, 0xbd, 0xba, 0xd4, 0xc2, 0x3d, 0x2a, 0x73, 0x4e,
    0xbd, 0x14, 0xc7, 0x63, 0xbe, 0x78, 0x0c, 0x95, 0xbc, 0xfe, 0x69, 0xc2, 0x3d, 0x38, 0xb8, 0x90,
    0xbd, 0x3d, 0xdc, 0x72, 0xbd, 0xa9, 0xf5, 0x49, 0x3d, 0x6f, 0x55, 0x9a, 0xbb, 0x97, 0xc4, 0x3a,
    0xbd, 0xc4, 0xe6, 0x29, 0xbc, 0xd8, 0x75, 0x34, 0x3b, 0xf0, 0x15, 0x6b, 0x38, 0xe2, 0x7b, 0xab,
    0xbc, 0x66, 0xea, 0xfb, 0xbc, 0x9f, 0xff, 0x91, 0x3b, 0x5d, 0x08, 0x2c, 0x3c, 0x8f, 0xa6, 0xe9,
    0xbc, 0x56, 0xa2, 0xf8, 0xbc, 0xd8, 0x90, 0x02, 0x3c, 0xbf, 0x49, 0x2b, 0x3c, 0x4f, 0xf3, 0x00,
    0xbd, 0x86, 0xa2, 0xf3, 0xbc, 0x2e, 0x2c, 0x13, 0x3c, 0x88, 0xe1, 0x5d, 0x3b, 0x1e, 0xf4, 0x3a,
    0xbc, 0x7d, 0x5a, 0x9a, 0xbc, 0x93, 0x64, 0x93, 0xbb, 0x6c, 0x5d, 0xb9, 0x3c, 0xd5, 0xc8, 0x09,
    0x3d, 0x13, 0x89, 0x28, 0x3c, 0x99, 0x84, 0xf5, 0xbc, 0x38, 0x84, 0x3e, 0xbd, 0xe4, 0xd9, 0x8d,
    0xbc, 0xf9, 0xd1, 0x0c, 0x3d, 0x15, 0xd1, 0x76, 0x3d, 0xc2, 0xc1, 0x10, 0x3d, 0x5b, 0xec, 0x85,
    0xbc, 0xc3, 0x41, 0x3e, 0xbd, 0xf5, 0x0f, 0xfc, 0xbc, 0x90, 0x7a, 0x1b, 0x3c, 0xf5, 0x85, 0x09,
    0x3d, 0x00, 0x02, 0xbe, 0x3c, 0x47, 0x94, 0x82, 0xbb, 0x8b, 0x63, 0x9a, 0xbc, 0x5f, 0xb1, 0x40,
    0xbc, 0x83, 0xb5, 0x4e, 0x3b, 0x5e, 0x5f, 0x14, 0x3c, 0x5a, 0x0d, 0x8c, 0x3b, 0x67, 0x86, 0xcb,
    0xba, 0x04, 0x8f, 0x29, 0xbb, 0xc9, 0x45, 0xf0, 0xba, 0xaa, 0x07, 0x25, 0xbb, 0x0a, 0xb6, 0xcf,
    0xba, 0x18, 0x7e, 0x86, 0x3b, 0x66, 0xea, 0xfb, 0xbc, 0xe2, 0x7b, 0xab, 0xbc, 0xf0, 0x15, 0x6b,
    0x38, 0xd8, 0x75, 0x34, 0x3b, 0xc4, 0xe6, 0x29, 0xbc, 0x97, 0xc4, 0x3a, 0xbd, 0x6f, 0x55, 0x9a,
    0xbb, 0xa9, 0xf5, 0x49, 0x3d, 0x3d, 0xdc, 0x72, 0xbd, 0x38, 0xb8, 0x90, 0xbd, 0xfe, 0x69, 0xc2,
    0x3d, 0x78, 0x0c, 0x95, 0xbc, 0x14, 0xc7, 0x63, 0xbe, 0x2a, 0x73, 0x4e, 0xbd, 0xba, 0xd4, 0xc2,
    0x3d, 0x67, 0x3b, 0x0b, 0xbd, 0x94, 0xdc, 0x61, 0xbd, 0x22, 0x0e, 0x71, 0x3c, 0x72, 0x16, 0xbb,
    0xbb, 0x38, 0x57, 0xfe, 0xbb, 0x3f, 0x6e, 0xfd, 0xbb, 0x6e, 0x9f, 0x07, 0xbd, 0x07, 0x21, 0x0b,
    0xb8, 0x66, 0x38, 0x85, 0x3c, 0x86, 0xa2, 0xf3, 0xbc, 0x4f, 0xf3, 0x00, 0xbd, 0xbf, 0x49, 0x2b,
    0x3c, 0xd8, 0x90, 0x02, 0x3c, 0x56, 0xa2, 0xf8, 0xbc, 0x8f, 0xa6, 0xe9, 0xbc, 0x5d, 0x08, 0x2c,
    0x3c, 0x9f, 0xff, 0x91, 0x3b, 0x9b, 0x45, 0x86, 0xbb, 0x1d, 0xc9, 0x0f, 0xbc, 0x9b, 0x83, 0x51,
    0xbb, 0x50, 0xba, 0x38, 0x3c, 0xd7, 0xf6, 0x96, 0x3c, 0xf6, 0x16, 0x8c, 0x3b, 0x78, 0x77, 0xb6,
    0xbc, 0x7c, 0xec, 0x06, 0xbd, 0x7e, 0x3b, 0x23, 0xbc, 0x22, 0x77, 0xf1, 0x3c, 0x21, 0xc6, 0x3a,
    0x3d, 0x72, 0x64, 0x8a, 0x3c, 0xb8, 0x96, 0x0a, 0xbd, 0xe3, 0xa9, 0x72, 0xbd, 0xc6, 0xb3, 0x0e,
    0xbd, 0xb5, 0x1c, 0x82, 0x3c, 0xa1, 0x81, 0x3a, 0x3d, 0xb5, 0x4e, 0xf8, 0x3c, 0xe2, 0x99, 0x15,
    0xbc, 0xf6, 0xa7, 0x06, 0xbd, 0xe1, 0x51, 0xbb, 0xbc, 0x96, 0x26, 0x75, 0x3b, 0xf7, 0x04, 0x97,
    0x3c, 0x7b, 0xbb, 0x3e, 0x3c, 0x63, 0xcc, 0x41, 0xbb, 0x0f, 0x16, 0x11, 0xbc, 0x13, 0x1d, 0x8c,
    0xbb, 0x39, 0x3d, 0xbe, 0x3a, 0xc7, 0x5c, 0x28, 0x3b, 0x24, 0x0a, 0xf7, 0x3a, 0x0c, 0x81, 0x23,
    0x3b, 0x16, 0x6b, 0xc2, 0x3a, 0x0f, 0x8a, 0x03, 0xbd, 0xce, 0xbe, 0x00, 0xbd, 0x14, 0xc4, 0x7f,
    0x3c, 0x93, 0x02, 0x00, 0x3a, 0x01, 0xb0, 0x0d, 0xbd, 0x16, 0xed, 0x39, 0xbc, 0xe7, 0xb8, 0x00,
    0xbc, 0x83, 0x09, 0x8f, 0xbb, 0xf2, 0xb0, 0x2b, 0x3c, 0x4b, 0xe4, 0x71, 0xbd, 0xd3, 0xda, 0x04,
    0xbd, 0x3b, 0x1a, 0xbf, 0x3d, 0x7f, 0x04, 0x63, 0xbd, 0xb4, 0x13, 0x62, 0xbe, 0xd3, 0x58, 0x7c,
    0xbc, 0xa8, 0x5b, 0xbf, 0x3d, 0xd0, 0x1f, 0x8b, 0xbd, 0x65, 0x65, 0x60, 0xbd, 0x63, 0x74, 0x44,
    0x3d, 0xc0, 0x74, 0xb3, 0xbb, 0x65, 0x24, 0x2c, 0xbd, 0x15, 0x7e, 0x0d, 0xbc, 0x4a, 0x9d, 0xc6,
    0x3a, 0x46, 0xeb, 0xb7, 0x39, 0x5a, 0xda, 0x9c, 0xbc, 0xe6, 0xf6, 0xf8, 0xbc, 0xf4, 0xd0, 0x7e,
    0x3b, 0x79, 0xbf, 0x2e, 0x3c, 0x31, 0xf1, 0xe5, 0xbc, 0x44, 0xf4, 0xfc, 0xbc, 0x7d, 0xaa, 0xf1,
    0x3b, 0x1c, 0xb5, 0x2f, 0x3c, 0x39, 0x3d, 0xbe, 0xba, 0x13, 0x1d, 0x8c, 0x3b, 0x0f, 0x16, 0x11,
    0x3c, 0x63, 0xcc, 0x41, 0x3b, 0x7b, 0xbb, 0x3e, 0xbc, 0xf7, 0x04, 0x97, 0xbc, 0x96, 0x26, 0x75,
    0xbb, 0xe1, 0x51, 0xbb, 0x3c, 0xf6, 0xa7, 0x06, 0x3d, 0xe2, 0x99, 0x15, 0x3c, 0xb5, 0x4e, 0xf8,
    0xbc, 0xa1, 0x81, 0x3a, 0xbd, 0xb5, 0x1c, 0x82, 0xbc, 0xc6, 0xb3, 0x0e, 0x3d, 0xe3, 0xa9, 0x72,
    0x3d, 0xb8, 0x96, 0x0a, 0x3d, 0x72, 0x64, 0x8a, 0xbc, 0x21, 0xc6, 0x3a, 0xbd, 0x22, 0x77, 0xf1,
    0xbc, 0x7e, 0x3b, 0x23, 0x3c, 0x7c, 0xec, 0x06, 0x3d, 0x78, 0x77, 0xb6, 0x3c, 0xf6, 0x16, 0x8c,
    0xbb, 0xd7, 0xf6, 0x96, 0xbc, 0x50, 0xba, 0x38, 0xbc, 0x9b, 0x83, 0x51, 0x3b, 0x1d, 0xc9, 0x0f,
    0x3c, 0x9b, 0x45, 0x86, 0x3b, 0x16, 0x6b, 0xc2, 0xba, 0x0c, 0x81, 0x23, 0xbb, 0x24, 0x0a, 0xf7,
    0xba, 0xc7, 0x5c, 0x28, 0xbb, 0x79, 0xbf, 0x2e, 0x3c, 0xf4, 0xd0, 0x7e, 0x3b, 0xe6, 0xf6, 0xf8,
    0xbc, 0x5a, 0xda, 0x9c, 0xbc, 0x46, 0xeb, 0xb7, 0x39, 0x4a, 0x9d, 0xc6, 0x3a, 0x15, 0x7e, 0x0d,
    0xbc, 0x65, 0x24, 0x2c, 0xbd, 0xc0, 0x74, 0xb3, 0xbb, 0x63, 0x74, 0x44, 0x3d, 0x65, 0x65, 0x60,
    0xbd, 0xd0, 0x1f, 0x8b, 0xbd, 0xa8, 0x5b, 0xbf, 0x3d, 0xd3, 0x58, 0x7c, 0xbc, 0xb4, 0x13, 0x62,
    0xbe, 0x7f, 0x04, 0x63, 0xbd, 0x3b, 0x1a, 0xbf, 0x3d, 0xd3, 0xda, 0x04, 0xbd, 0x4b, 0xe4, 0x71,
    0xbd, 0xf2, 0xb0, 0x2b, 0x3c, 0x83, 0x09, 0x8f, 0xbb, 0xe7, 0xb8, 0x00, 0xbc, 0x16, 0xed, 0x39,
    0xbc, 0x01, 0xb0, 0x0d, 0xbd, 0x93, 0x02, 0x00, 0x3a, 0x14, 0xc4, 0x7f, 0x3c, 0xce, 0xbe, 0x00,
    0xbd, 0x0f, 0x8a, 0x03, 0xbd, 0x1c, 0xb5, 0x2f, 0x3c, 0x7d, 0xaa, 0xf1, 0x3b, 0x44, 0xf4, 0xfc,
    0xbc, 0x31, 0xf1, 0xe5, 0xbc, 0x04, 0x8f, 0x29, 0x3b, 0x67, 0x86, 0xcb, 0x3a, 0x5a, 0x0d, 0x8c,
    0xbb, 0x5e, 0x5f, 0x14, 0xbc, 0x83, 0xb5, 0x4e, 0xbb, 0x5f, 0xb1, 0x40, 0x3c, 0x8b, 0x63, 0x9a,
    0x3c, 0x47, 0x94, 0x82, 0x3b, 0x00, 0x02, 0xbe, 0xbc, 0xf5, 0x85, 0x09, 0xbd, 0x90, 0x7a, 0x1b,
    0xbc, 0xf5, 0x0f, 0xfc, 0x3c, 0xc3, 0x41, 0x3e, 0x3d, 0x5b, 0xec, 0x85, 0x3c, 0xc2, 0xc1, 0x10,
    0xbd, 0x15, 0xd1, 0x76, 0xbd, 0xf9, 0xd1, 0x0c, 0xbd, 0xe4, 0xd9, 0x8d, 0x3c, 0x38, 0x84, 0x3e,
    0x3d, 0x99, 0x84, 0xf5, 0x3c, 0x13, 0x89, 0x28, 0xbc, 0xd5, 0xc8, 0x09, 0xbd, 0x6c, 0x5d, 0xb9,
    0xbc, 0x93, 0x64, 0x93, 0x3b, 0x7d, 0x5a, 0x9a, 0x3c, 0x1e, 0xf4, 0x3a, 0x3c, 0x88, 0xe1, 0x5d,
    0xbb, 0x2e, 0x2c, 0x13, 0xbc, 0x18, 0x7e, 0x86, 0xbb, 0x0a, 0xb6, 0xcf, 0x3a, 0xaa, 0x07, 0x25,
    0x3b, 0xc9, 0x45, 0xf0, 0x3a, 0xd8, 0x90, 0x02, 0x3c, 0xbf, 0x49, 0x2b, 0x3c, 0x4f, 0xf3, 0x00,
    0xbd, 0x86, 0xa2, 0xf3, 0xbc, 0x66, 0x38, 0x85, 0x3c, 0x07, 0x21, 0x0b, 0xb8, 0x6e, 0x9f, 0x07,
    0xbd, 0x3f, 0x6e, 0xfd, 0xbb, 0x38, 0x57, 0xfe, 0xbb, 0x72, 0x16, 0xbb, 0xbb, 0x22, 0x0e, 0x71,
    0x3c, 0x94, 0xdc, 0x61, 0xbd, 0x67, 0x3b, 0x0b, 0xbd, 0xba, 0xd4, 0xc2, 0x3d, 0x2a, 0x73, 0x4e,
    0xbd, 0x14, 0xc7, 0x63, 0xbe, 0x78, 0x0c, 0x95, 0xbc, 0xfe, 0x69, 0xc2, 0x3d, 0x38, 0xb8, 0x90,
    0xbd, 0x3d, 0xdc, 0x72, 0xbd, 0xa9, 0xf5, 0x49, 0x3d, 0x6f, 0x55, 0x9a, 0xbb, 0x97, 0xc4, 0x3a,
    0xbd, 0xc4, 0xe6, 0x29, 0xbc, 0xd8, 0x75, 0x34, 0x3b, 0xf0, 0x15, 0x6b, 0x38, 0xe2, 0x7b, 0xab,
    0xbc, 0x66, 0xea, 0xfb, 0xbc, 0x9f, 0xff, 0x91, 0x3b, 0x5d, 0x08, 0x2c, 0x3c, 0x8f, 0xa6, 0xe9,
    0xbc, 0x56, 0xa2, 0xf8, 0xbc, 0xc9, 0x45, 0xf0, 0xba, 0xaa, 0x07, 0x25, 0xbb, 0x0a, 0xb6, 0xcf,
    0xba, 0x18, 0x7e, 0x86, 0x3b, 0x2e, 0x2c, 0x13, 0x3c, 0x88, 0xe1, 0x5d, 0x3b, 0x1e, 0xf4, 0x3a,
    0xbc, 0x7d, 0x5a, 0x9a, 0xbc, 0x93, 0x64, 0x93, 0xbb, 0x6c, 0x5d, 0xb9, 0x3c, 0xd5, 0xc8, 0x09,
    0x3d, 0x13, 0x89, 0x28, 0x3c, 0x99, 0x84, 0xf5, 0xbc, 0x38, 0x84, 0x3e, 0xbd, 0xe4, 0xd9, 0x8d,
    0xbc, 0xf9, 0xd1, 0x0c, 0x3d, 0x15, 0xd1, 0x76, 0x3d, 0xc2, 0xc1, 0x10, 0x3d, 0x5b, 0xec, 0x85,
    0xbc, 0xc3, 0x41, 0x3e, 0xbd, 0xf5, 0x0f, 0xfc, 0xbc, 0x90, 0x7a, 0x1b, 0x3c, 0xf5, 0x85, 0x09,
    0x3d, 0x00, 0x02, 0xbe, 0x3c, 0x47, 0x94, 0x82, 0xbb, 0x8b, 0x63, 0x9a, 0xbc, 0x5f, 0xb1, 0x40,
    0xbc, 0x83, 0xb5, 0x4e, 0x3b, 0x5e, 0x5f, 0x14, 0x3c, 0x5a, 0x0d, 0x8c, 0x3b, 0x67, 0x86, 0xcb,
    0xba, 0x04, 0x8f, 0x29, 0xbb, 0x56, 0xa2, 0xf8, 0xbc, 0x8f, 0xa6, 0xe9, 0xbc, 0x5d, 0x08, 0x2c,
    0x3c, 0x9f, 0xff, 0x91, 0x3b, 0x66, 0xea, 0xfb, 0xbc, 0xe2, 0x7b, 0xab, 0xbc, 0xf0, 0x15, 0x6b,
    0x38, 0xd8, 0x75, 0x34, 0x3b, 0xc4, 0xe6, 0x29, 0xbc, 0x97, 0xc4, 0x3a, 0xbd, 0x6f, 0x55, 0x9a,
    0xbb, 0xa9, 0xf5, 0x49, 0x3d, 0x3d, 0xdc, 0x72, 0xbd, 0x38, 0xb8, 0x90, 0xbd, 0xfe, 0x69, 0xc2,
    0x3d, 0x78, 0x0c, 0x95, 0xbc, 0x14, 0xc7, 0x63, 0xbe, 0x2a, 0x73, 0x4e, 0xbd, 0xba, 0xd4, 0xc2,
    0x3d, 0x67, 0x3b, 0x0b, 0xbd, 0x94, 0xdc, 0x61, 0xbd, 0x22, 0x0e, 0x71, 0x3c, 0x72, 0x16, 0xbb,
    0xbb, 0x38, 0x57, 0xfe, 0xbb, 0x3f, 0x6e, 0xfd, 0xbb, 0x6e, 0x9f, 0x07, 0xbd, 0x07, 0x21, 0x0b,
    0xb8, 0x66, 0x38, 0x85, 0x3c, 0x86, 0xa2, 0xf3, 0xbc, 0x4f, 0xf3, 0x00, 0xbd, 0xbf, 0x49, 0x2b,
    0x3c, 0xd8, 0x90, 0x02, 0x3c, 0xc7, 0x5c, 0x28, 0x3b, 0x24, 0x0a, 0xf7, 0x3a, 0x0c, 0x81, 0x23,
    0x3b, 0x16, 0x6b, 0xc2, 0x3a, 0x9b, 0x45, 0x86, 0xbb, 0x1d, 0xc9, 0x0f, 0xbc, 0x9b, 0x83, 0x51,
    0xbb, 0x50, 0xba, 0x38, 0x3c, 0xd7, 0xf6, 0x96, 0x3c, 0xf6, 0x16, 0x8c, 0x3b, 0x78, 0x77, 0xb6,
    0xbc, 0x7c, 0xec, 0x06, 0xbd, 0x7e, 0x3b, 0x23, 0xbc, 0x22, 0x77, 0xf1, 0x3c, 0x21, 0xc6, 0x3a,
    0x3d, 0x72, 0x64, 0x8a, 0x3c, 0xb8, 0x96, 0x0a, 0xbd, 0xe3, 0xa9, 0x72, 0xbd, 0xc6, 0xb3, 0x0e,
    0xbd, 0xb5, 0x1c, 0x82, 0x3c, 0xa1, 0x81, 0x3a, 0x3d, 0xb5, 0x4e, 0xf8, 0x3c, 0xe2, 0x99, 0x15,
    0xbc, 0xf6, 0xa7, 0x06, 0xbd, 0xe1, 0x51, 0xbb, 0xbc, 0x96, 0x26, 0x75, 0x3b, 0xf7, 0x04, 0x97,
    0x3c, 0x7b, 0xbb, 0x3e, 0x3c, 0x63, 0xcc, 0x41, 0xbb, 0x0f, 0x16, 0x11, 0xbc, 0x13, 0x1d, 0x8c,
    0xbb, 0x39, 0x3d, 0xbe, 0x3a, 0x31, 0xf1, 0xe5, 0xbc, 0x44, 0xf4, 0xfc, 0xbc, 0x7d, 0xaa, 0xf1,
    0x3b, 0x1c, 0xb5, 0x2f, 0x3c, 0x0f, 0x8a, 0x03, 0xbd, 0xce, 0xbe, 0x00, 0xbd, 0x14, 0xc4, 0x7f,
    0x3c, 0x93, 0x02, 0x00, 0x3a, 0x01, 0xb0, 0x0d, 0xbd, 0x16, 0xed, 0x39, 0xbc, 0xe7, 0xb8, 0x00,
    0xbc, 0x83, 0x09, 0x8f, 0xbb, 0xf2, 0xb0, 0x2b, 0x3c, 0x4b, 0xe4, 0x71, 0xbd, 0xd3, 0xda, 0x04,
    0xbd, 0x3b, 0x1a, 0xbf, 0x3d, 0x7f, 0x04, 0x63, 0xbd, 0xb4, 0x13, 0x62, 0xbe, 0xd3, 0x58, 0x7c,
    0xbc, 0xa8, 0x5b, 0xbf, 0x3d, 0xd0, 0x1f, 0x8b, 0xbd, 0x65, 0x65, 0x60, 0xbd, 0x63, 0x74, 0x44,
    0x3d, 0xc0, 0x74, 0xb3, 0xbb, 0x65, 0x24, 0x2c, 0xbd, 0x15, 0x7e, 0x0d, 0xbc, 0x4a, 0x9d, 0xc6,
    0x3a, 0x46, 0xeb, 0xb7, 0x39, 0x5a, 0xda, 0x9c, 0xbc, 0xe6, 0xf6, 0xf8, 0xbc, 0xf4, 0xd0, 0x7e,
    0x3b, 0x79, 0xbf, 0x2e, 0x3c, 0x16, 0x6b, 0xc2, 0xba, 0x0c, 0x81, 0x23, 0xbb, 0x24, 0x0a, 0xf7,
    0xba, 0xc7, 0x5c, 0x28, 0xbb, 0x39, 0x3d, 0xbe, 0xba, 0x13, 0x1d, 0x8c, 0x3b, 0x0f, 0x16, 0x11,
    0x3c, 0x63, 0xcc, 0x41, 0x3b, 0x7b, 0xbb, 0x3e, 0xbc, 0xf7, 0x04, 0x97, 0xbc, 0x96, 0x26, 0x75,
    0xbb, 0xe1, 0x51, 0xbb, 0x3c, 0xf6, 0xa7, 0x06, 0x3d, 0xe2, 0x99, 0x15, 0x3c, 0xb5, 0x4e, 0xf8,
    0xbc, 0xa1, 0x81, 0x3a, 0xbd, 0xb5, 0x1c, 0x82, 0xbc, 0xc6, 0xb3, 0x0e, 0x3d, 0xe3, 0xa9, 0x72,
    0x3d, 0xb8, 0x96, 0x0a, 0x3d, 0x72, 0x64, 0x8a, 0xbc, 0x21, 0xc6, 0x3a, 0xbd, 0x22, 0x77, 0xf1,
    0xbc, 0x7e, 0x3b, 0x23, 0x3c, 0x7c, 0xec, 0x06, 0x3d, 0x78, 0x77, 0xb6, 0x3c, 0xf6, 0x16, 0x8c,
    0xbb, 0xd7, 0xf6, 0x96, 0xbc, 0x50, 0xba, 0x38, 0xbc, 0x9b, 0x83, 0x51, 0x3b, 0x1d, 0xc9, 0x0f,
    0x3c, 0x9b, 0x45, 0x86, 0x3b, 0x1c, 0xb5, 0x2f, 0x3c, 0x7d, 0xaa, 0xf1, 0x3b, 0x44, 0xf4, 0xfc,
    0xbc, 0x31, 0xf1, 0xe5, 0xbc, 0x79, 0xbf, 0x2e, 0x3c, 0xf4, 0xd0, 0x7e, 0x3b, 0xe6, 0xf6, 0xf8,
    0xbc, 0x5a, 0xda, 0x9c, 0xbc, 0x46, 0xeb, 0xb7, 0x39, 0x4a, 0x9d, 0xc6, 0x3a, 0x15, 0x7e, 0x0d,
    0xbc, 0x65, 0x24, 0x2c, 0xbd, 0xc0, 0x74, 0xb3, 0xbb, 0x63, 0x74, 0x44, 0x3d, 0x65, 0x65, 0x60,
    0xbd, 0xd0, 0x1f, 0x8b, 0xbd, 0xa8, 0x5b, 0xbf, 0x3d, 0xd3, 0x58, 0x7c, 0xbc, 0xb4, 0x13, 0x62,
    0xbe, 0x7f, 0x04, 0x63, 0xbd, 0x3b, 0x1a, 0xbf, 0x3d, 0xd3, 0xda, 0x04, 0xbd, 0x4b, 0xe4, 0x71,
    0xbd, 0xf2, 0xb0, 0x2b, 0x3c, 0x83, 0x09, 0x8f, 0xbb, 0xe7, 0xb8, 0x00, 0xbc, 0x16, 0xed, 0x39,
    0xbc, 0x01, 0xb0, 0x0d, 0xbd, 0x93, 0x02, 0x00, 0x3a, 0x14, 0xc4, 0x7f, 0x3c, 0xce, 0xbe, 0x00,
    0xbd, 0x0f, 0x8a, 0x03, 0xbd, 0x18, 0x7e, 0x86, 0xbb, 0x0a, 0xb6, 0xcf, 0x3a, 0xaa, 0x07, 0x25,
    0x3b, 0xc9, 0x45, 0xf0, 0x3a, 0x04, 0x8f, 0x29, 0x3b, 0x67, 0x86, 0xcb, 0x3a, 0x5a, 0x0d, 0x8c,
    0xbb, 0x5e, 0x5f, 0x14, 0xbc, 0x83, 0xb5, 0x4e, 0xbb, 0x5f, 0xb1, 0x40, 0x3c, 0x8b, 0x63, 0x9a,
    0x3c, 0x47, 0x94, 0x82, 0x3b, 0x00, 0x02, 0xbe, 0xbc, 0xf5, 0x85, 0x09, 0xbd, 0x90, 0x7a, 0x1b,
    0xbc, 0xf5, 0x0f, 0xfc, 0x3c, 0xc3, 0x41, 0x3e, 0x3d, 0x5b, 0xec, 0x85, 0x3c, 0xc2, 0xc1, 0x10,
    0xbd, 0x15, 0xd1, 0x76, 0xbd, 0xf9, 0xd1, 0x0c, 0xbd, 0xe4, 0xd9, 0x8d, 0x3c, 0x38, 0x84, 0x3e,
    0x3d, 0x99, 0x84, 0xf5, 0x3c, 0x13, 0x89, 0x28, 0xbc, 0xd5, 0xc8, 0x09, 0xbd, 0x6c, 0x5d, 0xb9,
    0xbc, 0x93, 0x64, 0x93, 0x3b, 0x7d, 0x5a, 0x9a, 0x3c, 0x1e, 0xf4, 0x3a, 0x3c, 0x88, 0xe1, 0x5d,
    0xbb, 0x2e, 0x2c, 0x13, 0xbc, 0x9f, 0xff, 0x91, 0x3b, 0x5d, 0x08, 0x2c, 0x3c, 0x8f, 0xa6, 0xe9,
    0xbc, 0x56, 0xa2, 0xf8, 0xbc, 0xd8, 0x90, 0x02, 0x3c, 0xbf, 0x49, 0x2b, 0x3c, 0x4f, 0xf3, 0x00,
    0xbd, 0x86, 0xa2, 0xf3, 0xbc, 0x66, 0x38, 0x85, 0x3c, 0x07, 0x21, 0x0b, 0xb8, 0x6e, 0x9f, 0x07,
    0xbd, 0x3f, 0x6e, 0xfd, 0xbb, 0x38, 0x57, 0xfe, 0xbb, 0x72, 0x16, 0xbb, 0xbb, 0x22, 0x0e, 0x71,
    0x3c, 0x94, 0xdc, 0x61, 0xbd, 0x67, 0x3b, 0x0b, 0xbd, 0xba, 0xd4, 0xc2, 0x3d, 0x2a, 0x73, 0x4e,
    0xbd, 0x14, 0xc7, 0x63, 0xbe, 0x78, 0x0c, 0x95, 0xbc, 0xfe, 0x69, 0xc2, 0x3d, 0x38, 0xb8, 0x90,
    0xbd, 0x3d, 0xdc, 0x72, 0xbd, 0xa9, 0xf5, 0x49, 0x3d, 0x6f, 0x55, 0x9a, 0xbb, 0x97, 0xc4, 0x3a,
    0xbd, 0xc4, 0xe6, 0x29, 0xbc, 0xd8, 0x75, 0x34, 0x3b, 0xf0, 0x15, 0x6b, 0x38, 0xe2, 0x7b, 0xab,
    0xbc, 0x66, 0xea, 0xfb, 0xbc, 0x5e, 0x5f, 0x14, 0x3c, 0x5a, 0x0d, 0x8c, 0x3b, 0x67, 0x86, 0xcb,
    0xba, 0x04, 0x8f, 0x29, 0xbb, 0xc9, 0x45, 0xf0, 0xba, 0xaa, 0x07, 0x25, 0xbb, 0x0a, 0xb6, 0xcf,
    0xba, 0x18, 0x7e, 0x86, 0x3b, 0x2e, 0x2c, 0x13, 0x3c, 0x88, 0xe1, 0x5d, 0x3b, 0x1e, 0xf4, 0x3a,
    0xbc, 0x7d, 0x5a, 0x9a, 0xbc, 0x93, 0x64, 0x93, 0xbb, 0x6c, 0x5d, 0xb9, 0x3c, 0xd5, 0xc8, 0x09,
    0x3d, 0x13, 0x89, 0x28, 0x3c, 0x99, 0x84, 0xf5, 0xbc, 0x38, 0x84, 0x3e, 0xbd, 0xe4, 0xd9, 0x8d,
    0xbc, 0xf9, 0xd1, 0x0c, 0x3d, 0x15, 0xd1, 0x76, 0x3d, 0xc2, 0xc1, 0x10, 0x3d, 0x5b, 0xec, 0x85,
    0xbc, 0xc3, 0x41, 0x3e, 0xbd, 0xf5, 0x0f, 0xfc, 0xbc, 0x90, 0x7a, 0x1b, 0x3c, 0xf5, 0x85, 0x09,
    0x3d, 0x00, 0x02, 0xbe, 0x3c, 0x47, 0x94, 0x82, 0xbb, 0x8b, 0x63, 0x9a, 0xbc, 0x5f, 0xb1, 0x40,
    0xbc, 0x83, 0xb5, 0x4e, 0x3b, 0x86, 0xa2, 0xf3, 0xbc, 0x4f, 0xf3, 0x00, 0xbd, 0xbf, 0x49, 0x2b,
    0x3c, 0xd8, 0x90, 0x02, 0x3c, 0x56, 0xa2, 0xf8, 0xbc, 0x8f, 0xa6, 0xe9, 0xbc, 0x5d, 0x08, 0x2c,
    0x3c, 0x9f, 0xff, 0x91, 0x3b, 0x66, 0xea, 0xfb, 0xbc, 0xe2, 0x7b, 0xab, 0xbc, 0xf0, 0x15, 0x6b,
    0x38, 0xd8, 0x75, 0x34, 0x3b, 0xc4, 0xe6, 0x29, 0xbc, 0x97, 0xc4, 0x3a, 0xbd, 0x6f, 0x55, 0x9a,
    0xbb, 0xa9, 0xf5, 0x49, 0x3d, 0x3d, 0xdc, 0x72, 0xbd, 0x38, 0xb8, 0x90, 0xbd, 0xfe, 0x69, 0xc2,
    0x3d, 0x78, 0x0c, 0x95, 0xbc, 0x14, 0xc7, 0x63, 0xbe, 0x2a, 0x73, 0x4e, 0xbd, 0xba, 0xd4, 0xc2,
    0x3d, 0x67, 0x3b, 0x0b, 0xbd, 0x94, 0xdc, 0x61, 0xbd, 0x22, 0x0e, 0x71, 0x3c, 0x72, 0x16, 0xbb,
    0xbb, 0x38, 0x57, 0xfe, 0xbb, 0x3f, 0x6e, 0xfd, 0xbb, 0x6e, 0x9f, 0x07, 0xbd, 0x07, 0x21, 0x0b,
    0xb8, 0x66, 0x38, 0x85, 0x3c, 0x63, 0xcc, 0x41, 0xbb, 0x0f, 0x16, 0x11, 0xbc, 0x13, 0x1d, 0x8c,
    0xbb, 0x39, 0x3d, 0xbe, 0x3a, 0xc7, 0x5c, 0x28, 0x3b, 0x24, 0x0a, 0xf7, 0x3a, 0x0c, 0x81, 0x23,
    0x3b, 0x16, 0x6b, 0xc2, 0x3a, 0x9b, 0x45, 0x86, 0xbb, 0x1d, 0xc9, 0x0f, 0xbc, 0x9b, 0x83, 0x51,
    0xbb, 0x50, 0xba, 0x38, 0x3c, 0xd7, 0xf6, 0x96, 0x3c, 0xf6, 0x16, 0x8c, 0x3b, 0x78, 0x77, 0xb6,
    0xbc, 0x7c, 0xec, 0x06, 0xbd, 0x7e, 0x3b, 0x23, 0xbc, 0x22, 0x77, 0xf1, 0x3c, 0x21, 0xc6, 0x3a,
    0x3d, 0x72, 0x64, 0x8a, 0x3c, 0xb8, 0x96, 0x0a, 0xbd, 0xe3, 0xa9, 0x72, 0xbd, 0xc6, 0xb3, 0x0e,
    0xbd, 0xb5, 0x1c, 0x82, 0x3c, 0xa1, 0x81, 0x3a, 0x3d, 0xb5, 0x4e, 0xf8, 0x3c, 0xe2, 0x99, 0x15,
    0xbc, 0xf6, 0xa7, 0x06, 0xbd, 0xe1, 0x51, 0xbb, 0xbc, 0x96, 0x26, 0x75, 0x3b, 0xf7, 0x04, 0x97,
    0x3c, 0x7b, 0xbb, 0x3e, 0x3c, 0x5a, 0xda, 0x9c, 0xbc, 0xe6, 0xf6, 0xf8, 0xbc, 0xf4, 0xd0, 0x7e,
    0x3b, 0x79, 0xbf, 0x2e, 0x3c, 0x31, 0xf1, 0xe5, 0xbc, 0x44, 0xf4, 0xfc, 0xbc, 0x7d, 0xaa, 0xf1,
    0x3b, 0x1c, 0xb5, 0x2f, 0x3c, 0x0f, 0x8a, 0x03, 0xbd, 0xce, 0xbe, 0x00, 0xbd, 0x14, 0xc4, 0x7f,
    0x3c, 0x93, 0x02, 0x00, 0x3a, 0x01, 0xb0, 0x0d, 0xbd, 0x16, 0xed, 0x39, 0xbc, 0xe7, 0xb8, 0x00,
    0xbc, 0x83, 0x09, 0x8f, 0xbb, 0xf2, 0xb0, 0x2b, 0x3c, 0x4b, 0xe4, 0x71, 0xbd, 0xd3, 0xda, 0x04,
    0xbd, 0x3b, 0x1a, 0xbf, 0x3d, 0x7f, 0x04, 0x63, 0xbd, 0xb4, 0x13, 0x62, 0xbe, 0xd3, 0x58, 0x7c,
    0xbc, 0xa8, 0x5b, 0xbf, 0x3d, 0xd0, 0x1f, 0x8b, 0xbd, 0x65, 0x65, 0x60, 0xbd, 0x63, 0x74, 0x44,
    0x3d, 0xc0, 0x74, 0xb3, 0xbb, 0x65, 0x24, 0x2c, 0xbd, 0x15, 0x7e, 0x0d, 0xbc, 0x4a, 0x9d, 0xc6,
    0x3a, 0x46, 0xeb, 0xb7, 0x39, 0x50, 0xba, 0x38, 0xbc, 0x9b, 0x83, 0x51, 0x3b, 0x1d, 0xc9, 0x0f,
    0x3c, 0x9b, 0x45, 0x86, 0x3b, 0x16, 0x6b, 0xc2, 0xba, 0x0c, 0x81, 0x23, 0xbb, 0x24, 0x0a, 0xf7,
    0xba, 0xc7, 0x5c, 0x28, 0xbb, 0x39, 0x3d, 0xbe, 0xba, 0x13, 0x1d, 0x8c, 0x3b, 0x0f, 0x16, 0x11,
    0x3c, 0x63, 0xcc, 0x41, 0x3b, 0x7b, 0xbb, 0x3e, 0xbc, 0xf7, 0x04, 0x97, 0xbc, 0x96, 0x26, 0x75,
    0xbb, 0xe1, 0x51, 0xbb, 0x3c, 0xf6, 0xa7, 0x06, 0x3d, 0xe2, 0x99, 0x15, 0x3c, 0xb5, 0x4e, 0xf8,
    0xbc, 0xa1, 0x81, 0x3a, 0xbd, 0xb5, 0x1c, 0x82, 0xbc, 0xc6, 0xb3, 0x0e, 0x3d, 0xe3, 0xa9, 0x72,
    0x3d, 0xb8, 0x96, 0x0a, 0x3d, 0x72, 0x64, 0x8a, 0xbc, 0x21, 0xc6, 0x3a, 0xbd, 0x22, 0x77, 0xf1,
    0xbc, 0x7e, 0x3b, 0x23, 0x3c, 0x7c, 0xec, 0x06, 0x3d, 0x78, 0x77, 0xb6, 0x3c, 0xf6, 0x16, 0x8c,
    0xbb, 0xd7, 0xf6, 0x96, 0xbc, 0x93, 0x02, 0x00, 0x3a, 0x14, 0xc4, 0x7f, 0x3c, 0xce, 0xbe, 0x00,
    0xbd, 0x0f, 0x8a, 0x03, 0xbd, 0x1c, 0xb5, 0x2f, 0x3c, 0x7d, 0xaa, 0xf1, 0x3b, 0x44, 0xf4, 0xfc,
    0xbc, 0x31, 0xf1, 0xe5, 0xbc, 0x79, 0xbf, 0x2e, 0x3c, 0xf4, 0xd0, 0x7e, 0x3b, 0xe6, 0xf6, 0xf8,
    0xbc, 0x5a, 0xda, 0x9c, 0xbc, 0x46, 0xeb, 0xb7, 0x39, 0x4a, 0x9d, 0xc6, 0x3a, 0x15, 0x7e, 0x0d,
    0xbc, 0x65, 0x24, 0x2c, 0xbd, 0xc0, 0x74, 0xb3, 0xbb, 0x63, 0x74, 0x44, 0x3d, 0x65, 0x65, 0x60,
    0xbd, 0xd0, 0x1f, 0x8b, 0xbd, 0xa8, 0x5b, 0xbf, 0x3d, 0xd3, 0x58, 0x7c, 0xbc, 0xb4, 0x13, 0x62,
    0xbe, 0x7f, 0x04, 0x63, 0xbd, 0x3b, 0x1a, 0xbf, 0x3d, 0xd3, 0xda, 0x04, 0xbd, 0x4b, 0xe4, 0x71,
    0xbd, 0xf2, 0xb0, 0x2b, 0x3c, 0x83, 0x09, 0x8f, 0xbb, 0xe7, 0xb8, 0x00, 0xbc, 0x16, 0xed, 0x39,
    0xbc, 0x01, 0xb0, 0x0d, 0xbd, 0x7d, 0x5a, 0x9a, 0x3c, 0x1e, 0xf4, 0x3a, 0x3c, 0x88, 0xe1, 0x5d,
    0xbb, 0x2e, 0x2c, 0x13, 0xbc, 0x18, 0x7e, 0x86, 0xbb, 0x0a, 0xb6, 0xcf, 0x3a, 0xaa, 0x07, 0x25,
    0x3b, 0xc9, 0x45, 0xf0, 0x3a, 0x04, 0x8f, 0x29, 0x3b, 0x67, 0x86, 0xcb, 0x3a, 0x5a, 0x0d, 0x8c,
    0xbb, 0x5e, 0x5f, 0x14, 0xbc, 0x83, 0xb5, 0x4e, 0xbb, 0x5f, 0xb1, 0x40, 0x3c, 0x8b, 0x63, 0x9a,
    0x3c, 0x47, 0x94, 0x82, 0x3b, 0x00, 0x02, 0xbe, 0xbc, 0xf5, 0x85, 0x09, 0xbd, 0x90, 0x7a, 0x1b,
    0xbc, 0xf5, 0x0f, 0xfc, 0x3c, 0xc3, 0x41, 0x3e, 0x3d, 0x5b, 0xec, 0x85, 0x3c, 0xc2, 0xc1, 0x10,
    0xbd, 0x15, 0xd1, 0x76, 0xbd, 0xf9, 0xd1, 0x0c, 0xbd, 0xe4, 0xd9, 0x8d, 0x3c, 0x38, 0x84, 0x3e,
    0x3d, 0x99, 0x84, 0xf5, 0x3c, 0x13, 0x89, 0x28, 0xbc, 0xd5, 0xc8, 0x09, 0xbd, 0x6c, 0x5d, 0xb9,
    0xbc, 0x93, 0x64, 0x93, 0x3b, 0xd8, 0x75, 0x34, 0x3b, 0xf0, 0x15, 0x6b, 0x38, 0xe2, 0x7b, 0xab,
    0xbc, 0x66, 0xea, 0xfb, 0xbc, 0x9f, 0xff, 0x91, 0x3b, 0x5d, 0x08, 0x2c, 0x3c, 0x8f, 0xa6, 0xe9,
    0xbc, 0x56, 0xa2, 0xf8, 0xbc, 0xd8, 0x90, 0x02, 0x3c, 0xbf, 0x49, 0x2b, 0x3c, 0x4f, 0xf3, 0x00,
    0xbd, 0x86, 0xa2, 0xf3, 0xbc, 0x66, 0x38, 0x85, 0x3c, 0x07, 0x21, 0x0b, 0xb8, 0x6e, 0x9f, 0x07,
    0xbd, 0x3f, 0x6e, 0xfd, 0xbb, 0x38, 0x57, 0xfe, 0xbb, 0x72, 0x16, 0xbb, 0xbb, 0x22, 0x0e, 0x71,
    0x3c, 0x94, 0xdc, 0x61, 0xbd, 0x67, 0x3b, 0x0b, 0xbd, 0xba, 0xd4, 0xc2, 0x3d, 0x2a, 0x73, 0x4e,
    0xbd, 0x14, 0xc7, 0x63, 0xbe, 0x78, 0x0c, 0x95, 0xbc, 0xfe, 0x69, 0xc2, 0x3d, 0x38, 0xb8, 0x90,
    0xbd, 0x3d, 0xdc, 0x72, 0xbd, 0xa9, 0xf5, 0x49, 0x3d, 0x6f, 0x55, 0x9a, 0xbb, 0x97, 0xc4, 0x3a,
    0xbd, 0xc4, 0xe6, 0x29, 0xbc, 0x47, 0x94, 0x82, 0xbb, 0x8b, 0x63, 0x9a, 0xbc, 0x5f, 0xb1, 0x40,
    0xbc, 0x83, 0xb5, 0x4e, 0x3b, 0x5e, 0x5f, 0x14, 0x3c, 0x5a, 0x0d, 0x8c, 0x3b, 0x67, 0x86, 0xcb,
    0xba, 0x04, 0x8f, 0x29, 0xbb, 0xc9, 0x45, 0xf0, 0xba, 0xaa, 0x07, 0x25, 0xbb, 0x0a, 0xb6, 0xcf,
    0xba, 0x18, 0x7e, 0x86, 0x3b, 0x2e, 0x2c, 0x13, 0x3c, 0x88, 0xe1, 0x5d, 0x3b, 0x1e, 0xf4, 0x3a,
    0xbc, 0x7d, 0x5a, 0x9a, 0xbc, 0x93, 0x64, 0x93, 0xbb, 0x6c, 0x5d, 0xb9, 0x3c, 0xd5, 0xc8, 0x09,
    0x3d, 0x13, 0x89, 0x28, 0x3c, 0x99, 0x84, 0xf5, 0xbc, 0x38, 0x84, 0x3e, 0xbd, 0xe4, 0xd9, 0x8d,
    0xbc, 0xf9, 0xd1, 0x0c, 0x3d, 0x15, 0xd1, 0x76, 0x3d, 0xc2, 0xc1, 0x10, 0x3d, 0x5b, 0xec, 0x85,
    0xbc, 0xc3, 0x41, 0x3e, 0xbd, 0xf5, 0x0f, 0xfc, 0xbc, 0x90, 0x7a, 0x1b, 0x3c, 0xf5, 0x85, 0x09,
    0x3d, 0x00, 0x02, 0xbe, 0x3c, 0x3f, 0x6e, 0xfd, 0xbb, 0x6e, 0x9f, 0x07, 0xbd, 0x07, 0x21, 0x0b,
    0xb8, 0x66, 0x38, 0x85, 0x3c, 0x86, 0xa2, 0xf3, 0xbc, 0x4f, 0xf3, 0x00, 0xbd, 0xbf, 0x49, 0x2b,
    0x3c, 0xd8, 0x90, 0x02, 0x3c, 0x56, 0xa2, 0xf8, 0xbc, 0x8f, 0xa6, 0xe9, 0xbc, 0x5d, 0x08, 0x2c,
    0x3c, 0x9f, 0xff, 0x91, 0x3b, 0x66, 0xea, 0xfb, 0xbc, 0xe2, 0x7b, 0xab, 0xbc, 0xf0, 0x15, 0x6b,
    0x38, 0xd8, 0x75, 0x34, 0x3b, 0xc4, 0xe6, 0x29, 0xbc, 0x97, 0xc4, 0x3a, 0xbd, 0x6f, 0x55, 0x9a,
    0xbb, 0xa9, 0xf5, 0x49, 0x3d, 0x3d, 0xdc, 0x72, 0xbd, 0x38, 0xb8, 0x90, 0xbd, 0xfe, 0x69, 0xc2,
    0x3d, 0x78, 0x0c, 0x95, 0xbc, 0x14, 0xc7, 0x63, 0xbe, 0x2a, 0x73, 0x4e, 0xbd, 0xba, 0xd4, 0xc2,
    0x3d, 0x67, 0x3b, 0x0b, 0xbd, 0x94, 0xdc, 0x61, 0xbd, 0x22, 0x0e, 0x71, 0x3c, 0x72, 0x16, 0xbb,
    0xbb, 0x38, 0x57, 0xfe, 0xbb, 0xe1, 0x51, 0xbb, 0xbc, 0x96, 0x26, 0x75, 0x3b, 0xf7, 0x04, 0x97,
    0x3c, 0x7b, 0xbb, 0x3e, 0x3c, 0x63, 0xcc, 0x41, 0xbb, 0x0f, 0x16, 0x11, 0xbc, 0x13, 0x1d, 0x8c,
    0xbb, 0x39, 0x3d, 0xbe, 0x3a, 0xc7, 0x5c, 0x28, 0x3b, 0x24, 0x0a, 0xf7, 0x3a, 0x0c, 0x81, 0x23,
    0x3b, 0x16, 0x6b, 0xc2, 0x3a, 0x9b, 0x45, 0x86, 0xbb, 0x1d, 0xc9, 0x0f, 0xbc, 0x9b, 0x83, 0x51,
    0xbb, 0x50, 0xba, 0x38, 0x3c, 0xd7, 0xf6, 0x96, 0x3c, 0xf6, 0x16, 0x8c, 0x3b, 0x78, 0x77, 0xb6,
    0xbc, 0x7c, 0xec, 0x06, 0xbd, 0x7e, 0x3b, 0x23, 0xbc, 0x22, 0x77, 0xf1, 0x3c, 0x21, 0xc6, 0x3a,
    0x3d, 0x72, 0x64, 0x8a, 0x3c, 0xb8, 0x96, 0x0a, 0xbd, 0xe3, 0xa9, 0x72, 0xbd, 0xc6, 0xb3, 0x0e,
    0xbd, 0xb5, 0x1c, 0x82, 0x3c, 0xa1, 0x81, 0x3a, 0x3d, 0xb5, 0x4e, 0xf8, 0x3c, 0xe2, 0x99, 0x15,
    0xbc, 0xf6, 0xa7, 0x06, 0xbd, 0x65, 0x24, 0x2c, 0xbd, 0x15, 0x7e, 0x0d, 0xbc, 0x4a, 0x9d, 0xc6,
    0x3a, 0x46, 0xeb, 0xb7, 0x39, 0x5a, 0xda, 0x9c, 0xbc, 0xe6, 0xf6, 0xf8, 0xbc, 0xf4, 0xd0, 0x7e,
    0x3b, 0x79, 0xbf, 0x2e, 0x3c, 0x31, 0xf1, 0xe5, 0xbc, 0x44, 0xf4, 0xfc, 0xbc, 0x7d, 0xaa, 0xf1,
    0x3b, 0x1c, 0xb5, 0x2f, 0x3c, 0x0f, 0x8a, 0x03, 0xbd, 0xce, 0xbe, 0x00, 0xbd, 0x14, 0xc4, 0x7f,
    0x3c, 0x93, 0x02, 0x00, 0x3a, 0x01, 0xb0, 0x0d, 0xbd, 0x16, 0xed, 0x39, 0xbc, 0xe7, 0xb8, 0x00,
    0xbc, 0x83, 0x09, 0x8f, 0xbb, 0xf2, 0xb0, 0x2b, 0x3c, 0x4b, 0xe4, 0x71, 0xbd, 0xd3, 0xda, 0x04,
    0xbd, 0x3b, 0x1a, 0xbf, 0x3d, 0x7f, 0x04, 0x63, 0xbd, 0xb4, 0x13, 0x62, 0xbe, 0xd3, 0x58, 0x7c,
    0xbc, 0xa8, 0x5b, 0xbf, 0x3d, 0xd0, 0x1f, 0x8b, 0xbd, 0x65, 0x65, 0x60, 0xbd, 0x63, 0x74, 0x44,
    0x3d, 0xc0, 0x74, 0xb3, 0xbb, 0x7c, 0xec, 0x06, 0x3d, 0x78, 0x77, 0xb6, 0x3c, 0xf6, 0x16, 0x8c,
    0xbb, 0xd7, 0xf6, 0x96, 0xbc, 0x50, 0xba, 0x38, 0xbc, 0x9b, 0x83, 0x51, 0x3b, 0x1d, 0xc9, 0x0f,
    0x3c, 0x9b, 0x45, 0x86, 0x3b, 0x16, 0x6b, 0xc2, 0xba, 0x0c, 0x81, 0x23, 0xbb, 0x24, 0x0a, 0xf7,
    0xba, 0xc7, 0x5c, 0x28, 0xbb, 0x39, 0x3d, 0xbe, 0xba, 0x13, 0x1d, 0x8c, 0x3b, 0x0f, 0x16, 0x11,
    0x3c, 0x63, 0xcc, 0x41, 0x3b, 0x7b, 0xbb, 0x3e, 0xbc, 0xf7, 0x04, 0x97, 0xbc, 0x96, 0x26, 0x75,
    0xbb, 0xe1, 0x51, 0xbb, 0x3c, 0xf6, 0xa7, 0x06, 0x3d, 0xe2, 0x99, 0x15, 0x3c, 0xb5, 0x4e, 0xf8,
    0xbc, 0xa1, 0x81, 0x3a, 0xbd, 0xb5, 0x1c, 0x82, 0xbc, 0xc6, 0xb3, 0x0e, 0x3d, 0xe3, 0xa9, 0x72,
    0x3d, 0xb8, 0x96, 0x0a, 0x3d, 0x72, 0x64, 0x8a, 0xbc, 0x21, 0xc6, 0x3a, 0xbd, 0x22, 0x77, 0xf1,
    0xbc, 0x7e, 0x3b, 0x23, 0x3c, 0x83, 0x09, 0x8f, 0xbb, 0xe7, 0xb8, 0x00, 0xbc, 0x16, 0xed, 0x39,
    0xbc, 0x01, 0xb0, 0x0d, 0xbd, 0x93, 0x02, 0x00, 0x3a, 0x14, 0xc4, 0x7f, 0x3c, 0xce, 0xbe, 0x00,
    0xbd, 0x0f, 0x8a, 0x03, 0xbd, 0x1c, 0xb5, 0x2f, 0x3c, 0x7d, 0xaa, 0xf1, 0x3b, 0x44, 0xf4, 0xfc,
    0xbc, 0x31, 0xf1, 0xe5, 0xbc, 0x79, 0xbf, 0x2e, 0x3c, 0xf4, 0xd0, 0x7e, 0x3b, 0xe6, 0xf6, 0xf8,
    0xbc, 0x5a, 0xda, 0x9c, 0xbc, 0x46, 0xeb, 0xb7, 0x39, 0x4a, 0x9d, 0xc6, 0x3a, 0x15, 0x7e, 0x0d,
    0xbc, 0x65, 0x24, 0x2c, 0xbd, 0xc0, 0x74, 0xb3, 0xbb, 0x63, 0x74, 0x44, 0x3d, 0x65, 0x65, 0x60,
    0xbd, 0xd0, 0x1f, 0x8b, 0xbd, 0xa8, 0x5b, 0xbf, 0x3d, 0xd3, 0x58, 0x7c, 0xbc, 0xb4, 0x13, 0x62,
    0xbe, 0x7f, 0x04, 0x63, 0xbd, 0x3b, 0x1a, 0xbf, 0x3d, 0xd3, 0xda, 0x04, 0xbd, 0x4b, 0xe4, 0x71,
    0xbd, 0xf2, 0xb0, 0x2b, 0x3c, 0x13, 0x89, 0x28, 0xbc, 0xd5, 0xc8, 0x09, 0xbd, 0x6c, 0x5d, 0xb9,
    0xbc, 0x93, 0x64, 0x93, 0x3b, 0x7d, 0x5a, 0x9a, 0x3c, 0x1e, 0xf4, 0x3a, 0x3c, 0x88, 0xe1, 0x5d,
    0xbb, 0x2e, 0x2c, 0x13, 0xbc, 0x18, 0x7e, 0x86, 0xbb, 0x0a, 0xb6, 0xcf, 0x3a, 0xaa, 0x07, 0x25,
    0x3b, 0xc9, 0x45, 0xf0, 0x3a, 0x04, 0x8f, 0x29, 0x3b, 0x67, 0x86, 0xcb, 0x3a, 0x5a, 0x0d, 0x8c,
    0xbb, 0x5e, 0x5f, 0x14, 0xbc, 0x83, 0xb5, 0x4e, 0xbb, 0x5f, 0xb1, 0x40, 0x3c, 0x8b, 0x63, 0x9a,
    0x3c, 0x47, 0x94, 0x82, 0x3b, 0x00, 0x02, 0xbe, 0xbc, 0xf5, 0x85, 0x09, 0xbd, 0x90, 0x7a, 0x1b,
    0xbc, 0xf5, 0x0f, 0xfc, 0x3c, 0xc3, 0x41, 0x3e, 0x3d, 0x5b, 0xec, 0x85, 0x3c, 0xc2, 0xc1, 0x10,
    0xbd, 0x15, 0xd1, 0x76, 0xbd, 0xf9, 0xd1, 0x0c, 0xbd, 0xe4, 0xd9, 0x8d, 0x3c, 0x38, 0x84, 0x3e,
    0x3d, 0x99, 0x84, 0xf5, 0x3c, 0xa9, 0xf5, 0x49, 0x3d, 0x6f, 0x55, 0x9a, 0xbb, 0x97, 0xc4, 0x3a,
    0xbd, 0xc4, 0xe6, 0x29, 0xbc, 0xd8, 0x75, 0x34, 0x3b, 0xf0, 0x15, 0x6b, 0x38, 0xe2, 0x7b, 0xab,
    0xbc, 0x66, 0xea, 0xfb, 0xbc, 0x9f, 0xff, 0x91, 0x3b, 0x5d, 0x08, 0x2c, 0x3c, 0x8f, 0xa6, 0xe9,
    0xbc, 0x56, 0xa2, 0xf8, 0xbc, 0xd8, 0x90, 0x02, 0x3c, 0xbf, 0x49, 0x2b, 0x3c, 0x4f, 0xf3, 0x00,
    0xbd, 0x86, 0xa2, 0xf3, 0xbc, 0x66, 0x38, 0x85, 0x3c, 0x07, 0x21, 0x0b, 0xb8, 0x6e, 0x9f, 0x07,
    0xbd, 0x3f, 0x6e, 0xfd, 0xbb, 0x38, 0x57, 0xfe, 0xbb, 0x72, 0x16, 0xbb, 0xbb, 0x22, 0x0e, 0x71,
    0x3c, 0x94, 0xdc, 0x61, 0xbd, 0x67, 0x3b, 0x0b, 0xbd, 0xba, 0xd4, 0xc2, 0x3d, 0x2a, 0x73, 0x4e,
    0xbd, 0x14, 0xc7, 0x63, 0xbe, 0x78, 0x0c, 0x95, 0xbc, 0xfe, 0x69, 0xc2, 0x3d, 0x38, 0xb8, 0x90,
    0xbd, 0x3d, 0xdc, 0x72, 0xbd, 0xf5, 0x0f, 0xfc, 0xbc, 0x90, 0x7a, 0x1b, 0x3c, 0xf5, 0x85, 0x09,
    0x3d, 0x00, 0x02, 0xbe, 0x3c, 0x47, 0x94, 0x82, 0xbb, 0x8b, 0x63, 0x9a, 0xbc, 0x5f, 0xb1, 0x40,
    0xbc, 0x83, 0xb5, 0x4e, 0x3b, 0x5e, 0x5f, 0x14, 0x3c, 0x5a, 0x0d, 0x8c, 0x3b, 0x67, 0x86, 0xcb,
    0xba, 0x04, 0x8f, 0x29, 0xbb, 0xc9, 0x45, 0xf0, 0xba, 0xaa, 0x07, 0x25, 0xbb, 0x0a, 0xb6, 0xcf,
    0xba, 0x18, 0x7e, 0x86, 0x3b, 0x2e, 0x2c, 0x13, 0x3c, 0x88, 0xe1, 0x5d, 0x3b, 0x1e, 0xf4, 0x3a,
    0xbc, 0x7d, 0x5a, 0x9a, 0xbc, 0x93, 0x64, 0x93, 0xbb, 0x6c, 0x5d, 0xb9, 0x3c, 0xd5, 0xc8, 0x09,
    0x3d, 0x13, 0x89, 0x28, 0x3c, 0x99, 0x84, 0xf5, 0xbc, 0x38, 0x84, 0x3e, 0xbd, 0xe4, 0xd9, 0x8d,
    0xbc, 0xf9, 0xd1, 0x0c, 0x3d, 0x15, 0xd1, 0x76, 0x3d, 0xc2, 0xc1, 0x10, 0x3d, 0x5b, 0xec, 0x85,
    0xbc, 0xc3, 0x41, 0x3e, 0xbd, 0x94, 0xdc, 0x61, 0xbd, 0x22, 0x0e, 0x71, 0x3c, 0x72, 0x16, 0xbb,
    0xbb, 0x38, 0x57, 0xfe, 0xbb, 0x3f, 0x6e, 0xfd, 0xbb, 0x6e, 0x9f, 0x07, 0xbd, 0x07, 0x21, 0x0b,
    0xb8, 0x66, 0x38, 0x85, 0x3c, 0x86, 0xa2, 0xf3, 0xbc, 0x4f, 0xf3, 0x00, 0xbd, 0xbf, 0x49, 0x2b,
    0x3c, 0xd8, 0x90, 0x02, 0x3c, 0x56, 0xa2, 0xf8, 0xbc, 0x8f, 0xa6, 0xe9, 0xbc, 0x5d, 0x08, 0x2c,
    0x3c, 0x9f, 0xff, 0x91, 0x3b, 0x66, 0xea, 0xfb, 0xbc, 0xe2, 0x7b, 0xab, 0xbc, 0xf0, 0x15, 0x6b,
    0x38, 0xd8, 0x75, 0x34, 0x3b, 0xc4, 0xe6, 0x29, 0xbc, 0x97, 0xc4, 0x3a, 0xbd, 0x6f, 0x55, 0x9a,
    0xbb, 0xa9, 0xf5, 0x49, 0x3d, 0x3d, 0xdc, 0x72, 0xbd, 0x38, 0xb8, 0x90, 0xbd, 0xfe, 0x69, 0xc2,
    0x3d, 0x78, 0x0c, 0x95, 0xbc, 0x14, 0xc7, 0x63, 0xbe, 0x2a, 0x73, 0x4e, 0xbd, 0xba, 0xd4, 0xc2,
    0x3d, 0x67, 0x3b, 0x0b, 0xbd, 0xa1, 0x81, 0x3a, 0x3d, 0xb5, 0x4e, 0xf8, 0x3c, 0xe2, 0x99, 0x15,
    0xbc, 0xf6, 0xa7, 0x06, 0xbd, 0xe1, 0x51, 0xbb, 0xbc, 0x96, 0x26, 0x75, 0x3b, 0xf7, 0x04, 0x97,
    0x3c, 0x7b, 0xbb, 0x3e, 0x3c, 0x63, 0xcc, 0x41, 0xbb, 0x0f, 0x16, 0x11, 0xbc, 0x13, 0x1d, 0x8c,
    0xbb, 0x39, 0x3d, 0xbe, 0x3a, 0xc7, 0x5c, 0x28, 0x3b, 0x24, 0x0a, 0xf7, 0x3a, 0x0c, 0x81, 0x23,
    0x3b, 0x16, 0x6b, 0xc2, 0x3a, 0x9b, 0x45, 0x86, 0xbb, 0x1d, 0xc9, 0x0f, 0xbc, 0x9b, 0x83, 0x51,
    0xbb, 0x50, 0xba, 0x38, 0x3c, 0xd7, 0xf6, 0x96, 0x3c, 0xf6, 0x16, 0x8c, 0x3b, 0x78, 0x77, 0xb6,
    0xbc, 0x7c, 0xec, 0x06, 0xbd, 0x7e, 0x3b, 0x23, 0xbc, 0x22, 0x77, 0xf1, 0x3c, 0x21, 0xc6, 0x3a,
    0x3d, 0x72, 0x64, 0x8a, 0x3c, 0xb8, 0x96, 0x0a, 0xbd, 0xe3, 0xa9, 0x72, 0xbd, 0xc6, 0xb3, 0x0e,
    0xbd, 0xb5, 0x1c, 0x82, 0x3c, 0xd0, 0x1f, 0x8b, 0xbd, 0x65, 0x65, 0x60, 0xbd, 0x63, 0x74, 0x44,
    0x3d, 0xc0, 0x74, 0xb3, 0xbb, 0x65, 0x24, 0x2c, 0xbd, 0x15, 0x7e, 0x0d, 0xbc, 0x4a, 0x9d, 0xc6,
    0x3a, 0x46, 0xeb, 0xb7, 0x39, 0x5a, 0xda, 0x9c, 0xbc, 0xe6, 0xf6, 0xf8, 0xbc, 0xf4, 0xd0, 0x7e,
    0x3b, 0x79, 0xbf, 0x2e, 0x3c, 0x31, 0xf1, 0xe5, 0xbc, 0x44, 0xf4, 0xfc, 0xbc, 0x7d, 0xaa, 0xf1,
    0x3b, 0x1c, 0xb5, 0x2f, 0x3c, 0x0f, 0x8a, 0x03, 0xbd, 0xce, 0xbe, 0x00, 0xbd, 0x14, 0xc4, 0x7f,
    0x3c, 0x93, 0x02, 0x00, 0x3a, 0x01, 0xb0, 0x0d, 0xbd, 0x16, 0xed, 0x39, 0xbc, 0xe7, 0xb8, 0x00,
    0xbc, 0x83, 0x09, 0x8f, 0xbb, 0xf2, 0xb0, 0x2b, 0x3c, 0x4b, 0xe4, 0x71, 0xbd, 0xd3, 0xda, 0x04,
    0xbd, 0x3b, 0x1a, 0xbf, 0x3d, 0x7f, 0x04, 0x63, 0xbd, 0xb4, 0x13, 0x62, 0xbe, 0xd3, 0x58, 0x7c,
    0xbc, 0xa8, 0x5b, 0xbf, 0x3d, 0x72, 0x64, 0x8a, 0xbc, 0x21, 0xc6, 0x3a, 0xbd, 0x22, 0x77, 0xf1,
    0xbc, 0x7e, 0x3b, 0x23, 0x3c, 0x7c, 0xec, 0x06, 0x3d, 0x78, 0x77, 0xb6, 0x3c, 0xf6, 0x16, 0x8c,
    0xbb, 0xd7, 0xf6, 0x96, 0xbc, 0x50, 0xba, 0x38, 0xbc, 0x9b, 0x83, 0x51, 0x3b, 0x1d, 0xc9, 0x0f,
    0x3c, 0x9b, 0x45, 0x86, 0x3b, 0x16, 0x6b, 0xc2, 0xba, 0x0c, 0x81, 0x23, 0xbb, 0x24, 0x0a, 0xf7,
    0xba, 0xc7, 0x5c, 0x28, 0xbb, 0x39, 0x3d, 0xbe, 0xba, 0x13, 0x1d, 0x8c, 0x3b, 0x0f, 0x16, 0x11,
    0x3c, 0x63, 0xcc, 0x41, 0x3b, 0x7b, 0xbb, 0x3e, 0xbc, 0xf7, 0x04, 0x97, 0xbc, 0x96, 0x26, 0x75,
    0xbb, 0xe1, 0x51, 0xbb, 0x3c, 0xf6, 0xa7, 0x06, 0x3d, 0xe2, 0x99, 0x15, 0x3c, 0xb5, 0x4e, 0xf8,
    0xbc, 0xa1, 0x81, 0x3a, 0xbd, 0xb5, 0x1c, 0x82, 0xbc, 0xc6, 0xb3, 0x0e, 0x3d, 0xe3, 0xa9, 0x72,
    0x3d, 0xb8, 0x96, 0x0a, 0x3d, 0x3b, 0x1a, 0xbf, 0x3d, 0xd3, 0xda, 0x04, 0xbd, 0x4b, 0xe4, 0x71,
    0xbd, 0xf2, 0xb0, 0x2b, 0x3c, 0x83, 0x09, 0x8f, 0xbb, 0xe7, 0xb8, 0x00, 0xbc, 0x16, 0xed, 0x39,
    0xbc, 0x01, 0xb0, 0x0d, 0xbd, 0x93, 0x02, 0x00, 0x3a, 0x14, 0xc4, 0x7f, 0x3c, 0xce, 0xbe, 0x00,
    0xbd, 0x0f, 0x8a, 0x03, 0xbd, 0x1c, 0xb5, 0x2f, 0x3c, 0x7d, 0xaa, 0xf1, 0x3b, 0x44, 0xf4, 0xfc,
    0xbc, 0x31, 0xf1, 0xe5, 0xbc, 0x79, 0xbf, 0x2e, 0x3c, 0xf4, 0xd0, 0x7e, 0x3b, 0xe6, 0xf6, 0xf8,
    0xbc, 0x5a, 0xda, 0x9c, 0xbc, 0x46, 0xeb, 0xb7, 0x39, 0x4a, 0x9d, 0xc6, 0x3a, 0x15, 0x7e, 0x0d,
    0xbc, 0x65, 0x24, 0x2c, 0xbd, 0xc0, 0x74, 0xb3, 0xbb, 0x63, 0x74, 0x44, 0x3d, 0x65, 0x65, 0x60,
    0xbd, 0xd0, 0x1f, 0x8b, 0xbd, 0xa8, 0x5b, 0xbf, 0x3d, 0xd3, 0x58, 0x7c, 0xbc, 0xb4, 0x13, 0x62,
    0xbe, 0x7f, 0x04, 0x63, 0xbd, 0xf9, 0xd1, 0x0c, 0xbd, 0xe4, 0xd9, 0x8d, 0x3c, 0x38, 0x84, 0x3e,
    0x3d, 0x99, 0x84, 0xf5, 0x3c, 0x13, 0x89, 0x28, 0xbc, 0xd5, 0xc8, 0x09, 0xbd, 0x6c, 0x5d, 0xb9,
    0xbc, 0x93, 0x64, 0x93, 0x3b, 0x7d, 0x5a, 0x9a, 0x3c, 0x1e, 0xf4, 0x3a, 0x3c, 0x88, 0xe1, 0x5d,
    0xbb, 0x2e, 0x2c, 0x13, 0xbc, 0x18, 0x7e, 0x86, 0xbb, 0x0a, 0xb6, 0xcf, 0x3a, 0xaa, 0x07, 0x25,
    0x3b, 0xc9, 0x45, 0xf0, 0x3a, 0x04, 0x8f, 0x29, 0x3b, 0x67, 0x86, 0xcb, 0x3a, 0x5a, 0x0d, 0x8c,
    0xbb, 0x5e, 0x5f, 0x14, 0xbc, 0x83, 0xb5, 0x4e, 0xbb, 0x5f, 0xb1, 0x40, 0x3c, 0x8b, 0x63, 0x9a,
    0x3c, 0x47, 0x94, 0x82, 0x3b, 0x00, 0x02, 0xbe, 0xbc, 0xf5, 0x85, 0x09, 0xbd, 0x90, 0x7a, 0x1b,
    0xbc, 0xf5, 0x0f, 0xfc, 0x3c, 0xc3, 0x41, 0x3e, 0x3d, 0x5b, 0xec, 0x85, 0x3c, 0xc2, 0xc1, 0x10,
    0xbd, 0x15, 0xd1, 0x76, 0xbd, 0x78, 0x0c, 0x95, 0xbc, 0xfe, 0x69, 0xc2, 0x3d, 0x38, 0xb8, 0x90,
    0xbd, 0x3d, 0xdc, 0x72, 0xbd, 0xa9, 0xf5, 0x49, 0x3d, 0x6f, 0x55, 0x9a, 0xbb, 0x97, 0xc4, 0x3a,
    0xbd, 0xc4, 0xe6, 0x29, 0xbc, 0xd8, 0x75, 0x34, 0x3b, 0xf0, 0x15, 0x6b, 0x38, 0xe2, 0x7b, 0xab,
    0xbc, 0x66, 0xea, 0xfb, 0xbc, 0x9f, 0xff, 0x91, 0x3b, 0x5d, 0x08, 0x2c, 0x3c, 0x8f, 0xa6, 0xe9,
    0xbc, 0x56, 0xa2, 0xf8, 0xbc, 0xd8, 0x90, 0x02, 0x3c, 0xbf, 0x49, 0x2b, 0x3c, 0x4f, 0xf3, 0x00,
    0xbd, 0x86, 0xa2, 0xf3, 0xbc, 0x66, 0x38, 0x85, 0x3c, 0x07, 0x21, 0x0b, 0xb8, 0x6e, 0x9f, 0x07,
    0xbd, 0x3f, 0x6e, 0xfd, 0xbb, 0x38, 0x57, 0xfe, 0xbb, 0x72, 0x16, 0xbb, 0xbb, 0x22, 0x0e, 0x71,
    0x3c, 0x94, 0xdc, 0x61, 0xbd, 0x67, 0x3b, 0x0b, 0xbd, 0xba, 0xd4, 0xc2, 0x3d, 0x2a, 0x73, 0x4e,
    0xbd, 0x14, 0xc7, 0x63, 0xbe,
};
const char fixture_sym32_artifact_fingerprint_hex[65] = "25b68917ad02f8b4b5efac21f96119cd1a09ee49beb2eb957628f8847bab360e";
const char fixture_sym32_artifact_content_hash_hex[65] = "dd7ca173eb91e746b1ce151e08db0dc4b95eceb4dfec99c82043c81f4e2151d8";
